experiment_id,serial,quality,hardiness,fortitude,dexterity,endurance,intellect,cleverness,dependability,courage,fierceness,power,armor,experiment_number,physique,prowess,mental,psychology,aggression
9163a56a-c19f-492d-8c61-8345967d751f,266f04mq,great_success,611,442,352,317,105,50,763,519,27,137,"",2,0,0,0,2,0
177ca934-6082-4785-9fcf-87ada4c1b247,266f04mq,great_success,611,442,352,317,105,50,697,347,27,137,"",1,3,0,0,0,0
8e7ae40d-13b7-4da8-b388-10c0922dd6e9,ar63gbss,great_success,459,242,382,455,111,98,717,515,248,319,"",7,0,1,0,0,0
1b0f0bf7-d927-4ce2-a3da-774970cf1c90,ar63gbss,great_success,459,242,304,394,111,98,717,515,248,319,"",6,0,0,0,0,1
2d7eff55-fa40-4784-b80a-be7e61637456,ar63gbss,great_success,459,242,304,394,111,98,717,515,143,271,"",5,0,0,0,2,0
09a92a32-bf57-44a8-aa60-b0cfc4779b90,ar63gbss,great_success,459,242,304,394,111,98,622,343,143,271,"",4,1,0,0,0,0
e1ca6245-c4f6-4ee1-8557-8ecee68f287c,ar63gbss,great_success,440,242,304,394,111,98,622,343,143,271,"",3,0,1,0,0,0
2ac0ae2d-1186-4195-89a4-f222c317501e,ar63gbss,great_success,440,242,203,342,111,98,622,343,143,271,"",2,1,0,0,0,0
7a30d674-2375-40a8-955a-ee8076ecf541,ar63gbss,great_success,386,242,203,342,111,98,622,343,143,271,"",1,3,0,0,0,0
69f698ba-cd58-404f-b7e9-e3c5ceae77bd,7cm51u3m,great_success,649,473,554,493,319,285,616,333,290,391,"",6,0,0,0,0,1
fd8d43d2-b6cd-4f5e-b31e-a8dc6af669e5,7cm51u3m,failure,649,473,554,493,319,285,616,333,290,326,"",5,0,0,0,0,2
04635622-b724-49e1-9989-acb848d6b9a0,7cm51u3m,great_success,649,543,554,493,319,285,616,333,128,394,light,4,0,0,1,0,0
8f03cead-ef74-4158-9669-2ba03d547622,7cm51u3m,great_success,649,543,554,493,276,277,616,333,128,394,light,3,0,2,0,0,0
c7bf7385-8118-4465-a62a-6b589bcbc8dd,7cm51u3m,great_success,649,543,431,336,276,277,616,333,128,394,light,2,0,0,2,0,0
e036ea28-1c08-4c2b-b850-b77e942bfe0a,7cm51u3m,great_success,649,543,431,336,150,124,616,333,128,394,light,1,2,0,0,0,0
769bb588-80c8-4e57-9577-6afae2eb229a,top6b9cr,great_success,33,8,34,331,16,39,799,505,24,57,"",1,0,0,0,2,0
5f59a6bc-cb72-40dc-a3db-a55bfa826e9f,ktvcu4hc,great_success,557,321,532,453,533,323,595,471,53,256,"",6,0,0,0,2,0
2d088d08-f322-42f9-a62e-5f3aebb37e55,ktvcu4hc,great_success,557,321,532,453,533,323,489,297,53,256,"",5,0,0,1,0,0
fa543788-41e2-4f16-86d4-5bf839121a87,ktvcu4hc,great_success,557,321,532,453,489,227,489,297,53,256,"",4,0,1,0,0,0
2d7438b4-b0bb-4944-85d2-4ea1b5931602,ktvcu4hc,great_success,557,321,483,453,489,227,489,297,53,256,"",3,0,2,0,0,0
47f69e6b-1e8a-4f04-8ddc-ef79f9b07703,ktvcu4hc,great_success,557,321,363,273,489,227,489,297,53,256,"",2,1,0,0,0,0
be6ad4f4-659b-4867-8cad-84beaf2fb054,ktvcu4hc,great_success,510,321,363,273,489,227,489,297,53,256,"",1,3,0,0,0,0
c8e192e9-0cba-4d1f-ae48-010677548f8e,cts10b51,great_success,560,445,339,311,99,45,760,524,26,136,"",3,0,0,0,2,0
220066bc-c190-4696-aebc-a43021915516,cts10b51,great_success,560,445,339,311,99,45,691,353,26,136,"",2,1,0,0,0,0
15a32154-2376-4645-9167-8b21c28540fe,cts10b51,great_success,510,433,339,311,99,45,691,353,26,136,"",1,2,0,0,0,0
be9239b1-8615-485d-b866-6c3672ce3e4d,4lnqtu83,great_success,617,501,413,452,455,252,759,522,103,331,light,8,0,1,0,0,0
ad7e0a51-f608-4470-80f5-dbf29be9c076,4lnqtu83,failure,617,501,338,387,455,252,759,522,103,331,light,7,0,1,0,0,0
d27748aa-7a18-4629-a5f7-aa08dbe2aee0,4lnqtu83,great_success,617,501,399,308,455,252,759,522,103,331,light,6,0,0,1,0,0
e594b776-a15e-4ec7-aa72-d53673f78828,4lnqtu83,great_success,617,501,399,308,419,148,759,522,103,331,light,5,0,0,0,1,0
a0b664c6-642d-49cc-80e2-75dc95882b85,4lnqtu83,great_success,617,501,399,308,419,148,737,444,103,331,light,4,0,0,0,1,0
c36662ac-2ad0-4091-b4e4-0c30beb195ff,4lnqtu83,great_success,617,501,399,308,419,148,690,351,103,331,light,3,0,0,0,0,1
4e25e6f1-52d4-4b71-8214-bc76c8f9cc36,4lnqtu83,great_success,617,501,399,308,419,148,690,351,103,295,light,2,0,0,0,0,2
9266a43d-7973-47c7-b087-c5926233793b,4lnqtu83,great_success,617,501,399,308,419,148,690,351,27,271,light,1,2,0,0,0,0
d54d222b-6408-4943-8176-158b6530816c,3p276vn6,great_success,588,398,366,331,292,130,600,337,169,276,"",2,1,0,0,0,0
9c6cd4f4-2a6a-476f-a34d-96df3db045e1,3p276vn6,great_success,528,398,366,331,292,130,600,337,169,276,"",1,2,0,0,0,0
dfbe50a2-783c-4f27-a1e5-887684435468,bp00kbsf,great_success,440,182,356,444,111,94,739,446,115,243,"",6,0,1,0,0,0
f5fa8107-0031-47e3-945d-4094d08ffcc3,bp00kbsf,great_success,440,182,272,386,111,94,739,446,115,243,"",5,0,1,0,0,0
7ec3e4c5-b5f9-4072-8936-bbd884547548,bp00kbsf,great_success,440,182,184,337,111,94,739,446,115,243,"",4,0,0,0,1,0
37fc3c39-55b4-4b09-b3a8-12a784bad7f6,bp00kbsf,great_success,440,182,184,337,111,94,693,338,115,243,"",3,0,0,0,0,2
26503e62-0f01-4002-9ebd-4d22d390a3f3,bp00kbsf,great_success,440,182,184,337,111,94,693,338,31,207,"",2,2,0,0,0,0
48600add-63b6-4f8b-bdd9-d9ef2f18e6c3,bp00kbsf,great_success,343,182,184,337,111,94,693,338,31,207,"",1,3,0,0,0,0
d1cf8fcc-2b7c-493a-b776-0f2a6b0ede9f,4m0va84v,great_success,390,176,133,336,98,92,761,514,101,322,"",6,0,0,0,0,2
25cdc97a-b599-4f0d-9c29-c3b9b3dc2438,4m0va84v,great_success,390,176,133,336,98,92,761,514,101,239,"",5,0,0,0,0,2
33343d44-21af-4c10-a505-2f3ba98f3d3e,4m0va84v,great_success,390,176,133,336,98,92,761,514,26,209,"",4,0,0,0,2,0
d9b35f1e-71e9-4688-b3d0-2e2f982bcc72,4m0va84v,great_success,390,176,133,336,98,92,694,341,26,209,"",3,1,0,0,0,0
0218cbac-676d-47c2-8a3c-5fd2e98ab2a8,4m0va84v,great_success,343,176,133,336,98,92,694,341,26,209,"",2,1,0,0,0,0
2c596584-30bc-4e96-aea8-a1ca2b54d5e5,4m0va84v,great_success,281,176,133,336,98,92,694,341,26,209,"",1,2,0,0,0,0
83873fda-1acc-4505-89ec-25ce2500ff70,om7p7506,great_success,498,301,224,338,286,108,762,512,104,274,"",6,0,0,0,0,1
05578c3d-e560-4481-bcda-a02be72953e4,om7p7506,great_success,498,301,224,338,286,108,762,512,104,231,"",5,0,0,0,0,3
e44f6c27-43a8-4c6e-8444-1fd6e70dc543,om7p7506,great_success,498,301,224,338,286,108,762,512,27,164,"",4,0,0,0,2,0
2675b612-8d2a-452d-bd48-a22265147f45,om7p7506,great_success,498,301,224,338,286,108,695,339,27,164,"",3,1,0,0,0,0
f2c5c9d6-d39a-4f5a-9af9-7418d13fb249,om7p7506,great_success,466,301,224,338,286,108,695,339,27,164,"",2,1,0,0,0,0
19d38def-09cd-4fc4-90fd-6234369a239b,om7p7506,great_success,406,301,224,338,286,108,695,339,27,164,"",1,2,0,0,0,0
277e360e-feba-44e9-8dec-357b2d256ca0,8mtqod1d,great_success,526,404,265,379,115,103,714,511,287,479,"",5,0,1,0,0,0
dded542a-51c6-455c-9a85-28b8ed400ff6,8mtqod1d,great_success,526,404,155,334,115,103,714,511,287,479,"",4,0,0,0,0,1
a5a74d31-1de9-492d-808f-b8eeb308bc86,8mtqod1d,great_success,526,404,155,334,115,103,714,511,287,413,"",3,0,0,0,0,2
788abbbd-10ac-4aaa-a82e-afc0e07b942f,8mtqod1d,great_success,526,404,155,334,115,103,714,511,126,322,"",2,0,0,0,3,0
49f6bad6-f94d-437b-beec-b06eb3507811,8mtqod1d,success,526,404,155,334,115,103,617,338,126,322,"",1,3,0,0,0,0
8722d907-d4dd-4483-b990-cd5f21be50f9,bgemqbm1,great_success,613,547,453,332,255,187,761,510,25,405,light,3,0,0,0,2,0
86348f5c-7f1d-41c1-b4b3-9d3eb64501dc,bgemqbm1,great_success,613,547,453,332,255,187,694,336,25,405,light,2,1,0,0,0,0
982d4beb-88d6-470d-a4b5-41348d734c95,bgemqbm1,great_success,593,535,453,332,255,187,694,336,25,405,light,1,2,0,0,0,0
dc334e7a-b3eb-4bde-be2d-2fd7648d342c,nh84pthv,great_success,624,530,490,339,224,134,822,513,40,359,light,5,0,0,0,2,0
739c7b1c-464c-486e-8cb1-48011f08b88c,nh84pthv,great_success,624,530,490,339,224,134,799,340,40,359,light,4,1,0,0,0,0
a76beb30-8e13-48bb-832e-5e13dbe538f9,nh84pthv,success,566,530,490,339,224,134,799,340,40,359,light,3,1,0,0,0,0
373546b1-8b5b-4b43-98f5-4b410bf9183d,nh84pthv,failure,624,446,490,339,224,134,799,340,40,359,"",2,1,0,0,0,0
f1d77363-95d8-43f0-9c97-6bd0d6fc537a,nh84pthv,great_success,603,521,490,339,224,134,799,340,40,359,light,1,2,0,0,0,0
8c022c1e-1efd-4807-8ff0-6ba5976ca4f1,8aeh0077,great_success,533,145,311,404,1,15,762,516,101,260,"",7,0,1,0,0,0
c0e6d3a5-b803-4dce-a4af-239164e01201,8aeh0077,great_success,533,145,238,347,1,15,762,516,101,260,"",6,0,1,0,0,0
b5e0ffca-2e70-4782-8597-1e9f3184221b,8aeh0077,great_success,533,145,144,302,1,15,762,516,101,260,"",5,0,0,0,0,2
21113f0e-3459-4754-9717-e4ce388e1649,8aeh0077,great_success,533,145,144,302,1,15,762,516,26,233,"",4,0,0,0,2,0
40c2d569-5fcd-4425-91bd-9515a12d6185,8aeh0077,success,533,145,144,302,1,15,694,344,26,233,"",3,1,0,0,0,0
c70122d4-59d8-48c9-b875-0a95954523ca,8aeh0077,success,531,7,144,302,1,15,694,344,26,233,"",2,1,0,0,0,0
f8aaef1d-d8ec-4247-a07f-fd8455e62db8,8aeh0077,failure,505,120,144,302,1,15,694,344,26,233,"",1,2,0,0,0,0
367ab919-8fe9-44cb-921f-7b2f4265f099,dtvojdku,great_success,386,95,203,338,114,69,790,509,75,96,"",5,1,0,0,0,0
54675667-ae97-44f7-9e67-0099653b1d10,dtvojdku,great_success,357,95,203,338,114,69,790,509,75,96,"",4,1,0,0,0,0
c75a17a7-d9e4-442d-9692-040c0bd21f69,dtvojdku,great_success,326,95,203,338,114,69,790,509,75,96,"",3,2,0,0,0,0
0ca49ede-6a53-4ef2-82e6-1f3125567f88,dtvojdku,great_success,249,95,203,338,114,69,790,509,75,96,"",2,2,0,0,0,0
cfd4722e-7ed7-4476-99ad-9328e174c5fe,dtvojdku,great_success,222,23,203,338,114,69,790,509,75,96,"",1,0,0,0,2,0
8993f3ec-9f6e-4f53-b200-f1da555daffa,121tivgq,great_success,393,95,145,331,113,67,786,509,75,95,"",6,1,0,0,0,0
e35e2499-72ac-4f04-8b50-fdab14d2df14,121tivgq,great_success,364,95,145,331,113,67,786,509,75,95,"",5,0,0,0,2,0
5dd9c576-ef71-416c-9a49-a82ca10a6a55,121tivgq,great_success,364,95,145,331,113,67,736,336,75,95,"",4,1,0,0,0,0
12416023-81e6-432c-b997-f1a4b70ce764,121tivgq,great_success,333,95,145,331,113,67,736,336,75,95,"",3,2,0,0,0,0
fa555fae-dce5-4073-bcde-4225dd5ebead,121tivgq,great_success,258,95,145,331,113,67,736,336,75,95,"",2,2,0,0,0,0
94876e80-00c0-404d-bb15-8aae0410d5f0,121tivgq,failure,258,1,145,331,113,67,736,336,75,95,"",1,2,0,0,0,0
ece1c080-0b27-46ff-9f29-e3c751072078,tjca3o89,great_success,573,510,570,508,521,336,619,504,186,299,light,5,0,1,0,0,0
eb21b331-ca8a-4bdd-8945-fdd5cc5ffb60,tjca3o89,great_success,573,510,537,489,521,336,619,504,186,299,light,4,0,2,0,0,0
aedc6e83-8185-4fef-8d8f-d5a521421d38,tjca3o89,great_success,573,510,441,335,521,336,619,504,186,299,light,3,0,0,0,1,0
e8c5fa6f-30f3-4741-89c3-ffb6e589afb4,tjca3o89,great_success,573,510,441,335,521,336,591,504,186,299,light,2,0,0,0,2,0
31051b81-6350-44f8-81b2-59ab938a649b,tjca3o89,amazing_success,573,510,441,335,521,336,476,330,186,299,light,1,3,0,0,0,0
e9105124-d030-44da-9d30-3c5c0122b978,ctiggpgr,great_success,632,528,385,347,272,97,760,514,101,383,light,6,0,0,0,0,1
f487d530-c0e9-4cf5-aae1-065a61a35861,ctiggpgr,great_success,632,528,385,347,272,97,760,514,101,352,light,5,0,0,0,0,2
636fabaa-7cf0-413c-99a1-1c602084ae0c,ctiggpgr,amazing_success,632,528,385,347,272,97,760,514,101,277,light,4,0,0,0,0,2
140f41f6-ab13-44ea-89bd-ed9485d10d27,ctiggpgr,great_success,632,528,385,347,272,97,760,514,26,247,light,3,1,0,0,0,0
b1e11ee5-218a-4209-adc6-61132b975564,ctiggpgr,great_success,621,521,385,347,272,97,760,514,26,247,light,2,0,0,0,2,0
29f34bc4-310e-4fc2-a53f-cfc252137e52,ctiggpgr,great_success,621,521,385,347,272,97,692,342,26,247,light,1,2,0,0,0,0
16376a57-8a1c-4ad2-bbf3-c7a85bcbca6e,gl9kjsm2,great_success,519,430,282,384,118,105,738,508,100,421,"",4,0,1,0,0,1
b2b2a649-7e46-4159-b2ff-8f98ea5e4221,gl9kjsm2,great_success,519,430,193,333,118,105,738,508,100,393,"",3,0,0,0,2,0
a0b1a9ee-e27a-43e4-9769-d98a44a50c46,gl9kjsm2,great_success,519,430,193,333,118,105,655,335,100,393,"",2,0,0,0,0,3
c55e18f7-ba25-49d4-a663-297369eea49c,gl9kjsm2,great_success,519,430,193,333,118,105,655,335,25,366,"",1,3,0,0,0,0
d9d286fe-f30a-46a5-9363-fcbc1f81d5f6,er9nq4et,great_success,549,443,3323,311,98,51,760,513,26,139,"",3,0,0,0,2,0
cb85a687-2b65-4fe9-9ee5-c0a27249c432,er9nq4et,great_success,549,443,3323,311,98,51,692,341,26,139,"",2,1,0,0,0,0
d1f8a95d-93e4-4003-bf50-a5bbb25724b9,er9nq4et,great_success,497,429,3323,311,98,51,692,341,26,139,"",1,2,0,0,0,0
10a84dd2-d5f7-4f98-88b8-6c7696432b58,t1e1bjda,great_success,568,272,440,227,244,169,687,347,26,129,"",5,0,0,1,0,0
854d037d-9b06-4380-a2bb-fc9239eba1c1,t1e1bjda,great_success,568,272,440,227,213,60,687,347,26,129,"",4,0,1,0,0,0
8bbc5bb7-3c71-4e0a-b55a-d8a53464c885,t1e1bjda,great_success,568,272,389,227,213,60,687,347,26,129,"",3,0,3,0,0,0
8126b550-696b-49ec-a872-11cbc7c4b5ab,t1e1bjda,great_success,568,272,294,86,213,60,687,347,26,129,"",2,2,0,0,0,0
5029dd6b-8808-4530-bdca-fac078801ff2,t1e1bjda,great_success,500,272,294,86,213,60,687,347,26,129,"",1,3,0,0,0,0
ae6093a1-f6ad-4c0c-af85-7aa79e64ec90,4dvicp9c,great_success,632,444,313,299,92,43,759,515,26,129,"",2,3,0,0,0,0
23ddb3b2-195c-40c4-887e-a24b4c311b8c,4dvicp9c,great_success,494,264,313,299,92,43,759,515,26,129,"",1,0,0,0,2,0
daabcffd-2219-428f-9151-5b32daa26ce7,ovn4nsid,success,476,451,240,350,36,46,758,510,1,352,"",7,0,0,0,0,1
f29accc9-7b24-4b58-b4f8-3d2c9b61b1cf,ovn4nsid,great_success,476,451,240,350,36,46,758,510,104,312,"",6,0,0,0,0,1
de3bf035-19b0-4fd6-a1a6-ac1eabe9d4a3,ovn4nsid,great_success,476,451,240,350,36,46,758,510,104,273,"",5,0,0,0,0,1
7c45cc90-fec0-43a5-93d9-ff8248b77fa1,ovn4nsid,great_success,476,451,240,350,36,46,758,510,104,230,"",4,0,0,0,0,1
1b28f689-3d5f-4122-af91-2971f1db8271,ovn4nsid,great_success,476,451,240,350,36,46,758,510,27,214,"",3,0,1,0,0,0
b7f38c5e-ea7c-4566-9dcf-5da0d10a5c53,ovn4nsid,great_success,476,451,145,305,36,46,758,510,27,214,"",2,0,0,0,2,0
a43ef17a-3ec5-4c93-a4ab-ec62c7510271,ovn4nsid,great_success,476,451,145,305,36,46,689,337,27,214,"",1,2,0,0,0,0
3c732efe-8672-450f-bf7c-4dcf53554f93,niqh3vcn,great_success,370,95,216,333,117,68,780,510,72,93,"",5,1,0,0,0,0
b71766b0-f8bc-4c03-8a67-516c79ad6514,niqh3vcn,great_success,350,95,216,333,117,68,780,510,72,93,"",4,1,0,0,0,0
02f7ea07-4e8b-4be8-8915-e3b9bc06af2a,niqh3vcn,great_success,318,95,216,333,117,68,780,510,72,93,"",3,2,0,0,0,0
c389e949-51b2-4c3f-ae92-6ed17d512c00,niqh3vcn,great_success,223,95,216,333,117,68,780,510,72,93,"",2,2,0,0,0,0
0534cf48-3fd4-4b35-ad19-3a65697f1e4c,niqh3vcn,great_success,193,23,216,333,117,68,780,510,72,93,"",1,0,0,0,2,0
90ca5e66-b0b3-41f1-9f04-9b832d9eca48,bgusn1g1,great_success,645,501,487,409,488,301,764,521,106,305,light,7,0,0,0,0,1
20fdf3bf-059f-4e83-8dd5-2cc52a61a7b3,bgusn1g1,great_success,645,501,487,409,488,301,764,521,106,265,light,6,0,1,0,0,0
69c2ec4f-8bfa-4de9-bc9c-055fe9afa3d5,bgusn1g1,great_success,645,501,426,331,488,301,764,521,106,265,light,5,0,0,0,0,2
dc2dfe1e-2a8b-4acb-a8f6-b81794fd4703,bgusn1g1,great_success,645,501,426,331,488,301,764,521,27,237,light,4,0,0,0,2,0
b85992d1-33d9-4316-8ebd-ad7a38514e2a,bgusn1g1,great_success,645,501,426,331,488,301,698,350,27,237,light,3,0,0,1,0,0
59fbb450-f640-4ebd-9be5-77f737fd244e,bgusn1g1,great_success,645,501,426,331,444,205,698,350,27,237,light,2,1,0,0,0,0
8c16b3e1-39c3-45e5-b425-ba645bb98cca,bgusn1g1,great_success,622,498,426,331,444,205,698,350,27,237,"",1,2,0,0,0,0
5c368738-916e-433e-970a-0294e47a6f49,6jpb28m6,great_success,484,463,266,375,15,13,675,431,100,272,"",8,0,1,0,0,0
4a179636-a0c9-45ec-a0a6-88a8d6e244e3,6jpb28m6,great_success,484,463,175,326,15,13,675,431,100,272,"",7,0,0,0,1,0
d85b6ab8-bd8b-49cc-a58d-44eabce33bb5,6jpb28m6,great_success,484,463,175,326,15,13,689,338,100,272,"",6,0,0,0,0,1
50dddc9e-5abb-4a77-96d9-81eb3c6dc1c8,6jpb28m6,great_success,484,463,175,326,15,13,689,338,100,223,"",5,0,0,0,0,2
e60a7eaa-0a8e-4370-9de1-f268d171504c,6jpb28m6,success,484,463,175,326,15,13,689,338,25,190,"",4,1,0,0,0,0
079edea0-4a9d-4234-a8a7-26101067a52a,6jpb28m6,great_success,410,463,175,326,15,13,689,338,25,190,"",3,1,0,0,0,0
463179c5-570c-4f0a-bab2-99fb61c7c575,6jpb28m6,great_success,328,463,175,326,15,13,689,338,25,190,"",2,1,0,0,0,0
deed3a32-5447-4741-9060-8c4f15608e87,6jpb28m6,failure,237,441,175,326,15,13,689,338,25,190,"",1,2,0,0,0,0
a6cb0a0e-78b5-4c8f-970c-271e5f35ae11,mrc6d28i,great_success,644,551,558,290,402,325,764,518,102,418,light,7,0,0,0,0,1
3a4920c0-663d-4855-9e51-762c36fd3aef,mrc6d28i,great_success,644,551,558,290,402,325,764,518,102,389,light,6,0,0,0,0,1
b84c481b-b1d3-4327-971c-51b8b4c63ba6,mrc6d28i,great_success,644,551,558,290,402,325,764,518,102,358,light,5,0,0,0,0,1
922fc8af-7bef-4144-aed7-0bf18df282af,mrc6d28i,great_success,644,551,558,290,402,325,764,518,102,325,light,4,0,0,1,0,0
9d54701b-a88e-48c5-b5de-4ae045521372,mrc6d28i,great_success,644,551,558,290,344,243,764,518,102,325,light,3,0,0,0,0,2
6a1fd6a2-28f4-43fd-96a7-2a5342813494,mrc6d28i,great_success,644,551,558,290,344,243,764,518,26,303,light,2,0,0,0,2,0
5a4cd978-d18b-4ccc-a49e-3aa9cf0665aa,mrc6d28i,great_success,644,551,558,290,344,243,699,346,26,303,light,1,2,0,0,0,0
0d70d941-7ddd-46df-8de9-2802a32f9dbd,p8p9no5v,great_success,628,445,397,376,100,47,761,521,27,128,"",3,0,1,0,0,0
545de442-b4e0-4a45-ba1e-6f6ace814f3e,p8p9no5v,great_success,628,445,330,303,100,47,761,521,27,128,"",2,3,0,0,0,0
4a79d3da-77b2-4537-856f-1dfe5577bbf6,p8p9no5v,great_success,489,265,330,303,100,47,761,521,27,128,"",1,0,0,0,2,0
03ffaa82-7b7c-4a3d-ba61-7a68926026d3,u0jr2aed,great_success,526,319,438,331,627,394,555,511,302,401,"",4,0,0,0,0,2
3c9dd499-8f79-4ea4-88fc-f2daa0cd8df1,u0jr2aed,great_success,526,319,438,331,627,394,555,511,137,317,"",3,0,0,3,0,0
a88a3850-cae8-4ebf-989f-c6d6e36288ca,u0jr2aed,great_success,526,319,438,331,502,214,555,511,137,317,"",2,0,0,0,3,0
f42de752-e8a5-487c-8eac-7bdcb5a2c768,u0jr2aed,great_success,526,319,438,331,502,214,391,338,137,317,"",1,2,0,0,0,0
388fc183-15cf-4446-bd20-72887302b878,jtk7vfj9,great_success,499,404,347,434,115,102,716,511,286,400,"",4,0,0,0,0,2
a96df915-29c6-4cb1-ab9a-26f6e3dadf15,jtk7vfj9,great_success,499,404,347,434,115,102,716,511,125,321,"",3,0,1,0,0,0
ca00b73a-e0fa-4aff-a642-cd0675f2a1f2,jtk7vfj9,great_success,499,404,173,340,115,102,716,511,125,321,"",2,0,0,0,3,0
900c8d79-f436-47eb-a37f-5928090f1f6e,jtk7vfj9,great_success,499,404,173,340,115,102,620,338,125,321,"",1,3,0,0,0,0
a6fdcea0-d688-47bd-8fff-67dca37e5046,qv6dpdhl,great_success,595,438,361,297,100,44,758,513,25,126,"",2,3,0,0,0,0
b40e875d-bc7e-4403-86de-d489fc55e3f4,qv6dpdhl,great_success,443,258,361,297,100,44,758,513,25,126,"",1,0,0,0,2,0
f57e36a3-6f75-465d-b758-8bde004d01a1,i5qap6bg,great_success,564,532,232,314,29,29,758,507,100,358,light,6,0,0,0,0,2
eaeb6c41-2f1d-4563-8cc5-a8a7e660739d,i5qap6bg,great_success,564,532,232,314,29,29,758,507,100,285,light,5,0,0,0,0,2
2b0dfba5-fe71-498d-a076-1e90cc71147f,i5qap6bg,great_success,564,532,232,314,29,29,758,507,25,260,light,4,1,0,0,0,0
fb1c8134-3494-4dc7-b8f9-b7795372bdb8,i5qap6bg,great_success,536,510,232,314,29,29,758,507,25,260,light,3,2,0,0,0,0
0160dadf-834a-4195-9a55-cc27a4ac3011,i5qap6bg,great_success,403,363,232,314,29,29,758,507,25,260,"",2,0,1,0,0,0
dede2923-792d-423e-9ca8-764bdb3a842b,i5qap6bg,great_success,403,363,141,265,29,29,758,507,25,260,"",1,0,0,0,2,0
5bafe651-e4ac-48f1-822e-7814ca864869,jh4lkuoq,great_success,630,465,438,337,529,338,757,514,102,436,"",7,0,0,0,0,1
1fc4965c-14a0-45cf-b442-e3faa671d40f,jh4lkuoq,great_success,630,465,438,337,529,338,757,514,102,408,"",6,0,0,0,0,1
dee45eb6-03d5-4e98-8961-5945ee4cf078,jh4lkuoq,great_success,630,465,438,337,529,338,757,514,102,379,"",5,0,0,1,0,0
41dd7db2-042f-44f8-803a-fa1f40cd0745,jh4lkuoq,great_success,630,465,438,337,482,245,757,514,102,379,"",4,0,0,0,0,2
0eca731f-c979-4e66-8f26-50d6ef2b16a5,jh4lkuoq,great_success,630,465,438,337,482,245,757,514,26,360,"",3,0,0,0,1,0
0334612c-f682-420c-bdb4-5aaeeb4ecb91,jh4lkuoq,great_success,630,465,438,337,482,245,734,435,26,360,"",2,0,0,0,1,0
4275f96f-781f-498a-a6db-ca47a23916b9,jh4lkuoq,great_success,630,465,438,337,482,245,687,341,26,360,"",1,3,0,0,0,0
70404510-8c84-413a-88a3-7e009308588b,1tlktrc3,great_success,612,464,536,422,589,431,694,339,106,423,"",5,0,0,0,0,1
60108e96-b129-4d84-ad60-2c68f946bd10,1tlktrc3,great_success,612,464,536,422,589,431,694,339,106,394,"",4,0,1,0,0,0
d192a782-0e17-43d1-ba46-546e8eccfe85,1tlktrc3,great_success,612,464,478,340,589,431,694,339,106,394,"",3,0,0,2,0,0
904dad6f-8008-4589-8418-26d425520ecb,1tlktrc3,great_success,612,464,478,340,495,250,694,339,106,394,"",2,0,0,0,0,3
c4e4adb8-7b1f-47b8-87e5-799f45a7ce0b,1tlktrc3,great_success,612,464,478,340,495,250,694,339,28,365,"",1,3,0,0,0,0
b3388e18-6052-4e90-979c-a11636244b27,ce00apsb,great_success,708,574,578,488,349,300,514,344,101,528,light,7,0,0,0,0,1
00128340-bad8-4a21-8b2b-8aa74ae257c1,ce00apsb,great_success,708,574,578,488,349,300,514,344,101,501,light,6,0,0,0,0,1
1a0b5d84-aaef-4e11-847d-078c23ac1f60,ce00apsb,great_success,708,574,578,488,349,300,514,344,101,476,light,5,0,1,0,0,0
06f1f0ec-6f58-44f5-a2e7-2d1957a59b8c,ce00apsb,great_success,708,574,516,410,349,300,514,344,101,476,light,4,0,1,0,0,0
f2a1e576-ff79-4b61-8770-473d8aad2c89,ce00apsb,great_success,708,574,458,328,349,300,514,344,101,476,light,3,0,0,2,0,0
5cbc7c2c-2643-408f-9536-14a2d020965b,ce00apsb,great_success,708,574,458,328,251,135,514,344,101,476,light,2,0,0,0,0,2
1e587101-3469-4593-8bf3-7c2fd5983105,ce00apsb,great_success,708,574,458,328,251,135,514,344,26,462,light,1,2,0,0,0,0
0528656a-eeb7-4897-9e40-21c1533bbc63,gm81nbmi,great_success,612,547,449,327,230,174,761,517,27,335,light,3,0,0,0,2,0
70a8bc53-e61a-4eef-a0d0-25a1b55be10c,gm81nbmi,great_success,612,547,449,327,230,174,694,345,27,335,light,2,1,0,0,0,0
71e5b4b5-7121-4002-8d76-440257ed4aca,gm81nbmi,great_success,592,536,449,327,230,174,694,345,27,335,light,1,2,0,0,0,0
acc09e1b-5932-4b9f-a7bd-bc871ee90bd9,9b99uil9,success,566,282,491,467,383,336,687,60,25,46,"",5,0,1,0,0,0
57605272-9bd9-487f-b39d-3c28e6968201,9b99uil9,great_success,566,282,449,435,383,336,687,60,25,46,"",4,0,0,2,0,0
52c39d62-9921-4892-9553-4bf3974a9185,9b99uil9,great_success,566,282,449,435,280,164,687,60,25,46,"",3,0,2,0,0,0
e3c15b25-4173-4ab6-8c16-64517c897a4a,9b99uil9,great_success,566,282,315,289,280,164,687,60,25,46,"",2,2,0,0,0,0
142113c1-ded1-468c-b1db-a56514b97a3f,9b99uil9,great_success,502,282,315,289,280,164,687,60,25,46,"",1,3,0,0,0,0
8639cdfd-23e7-4708-9f78-f08a66139527,8rqgaej1,great_success,544,262,553,510,514,343,688,333,25,281,"",5,0,0,3,0,0
a41d55ea-4df6-41c0-95e7-4c666fca0933,8rqgaej1,great_success,544,262,553,510,386,169,688,333,25,281,"",4,0,3,0,0,0
c06d20d6-9b0e-40cd-b1c5-87085a2cf273,8rqgaej1,great_success,544,262,388,337,386,169,688,333,25,281,"",3,1,0,0,0,0
0340182e-a8ba-4e82-853a-51c513ce3ff5,8rqgaej1,great_success,496,262,388,337,386,169,688,333,25,281,"",2,1,0,0,0,0
1392df68-ac3e-471e-b431-c6505317133b,8rqgaej1,great_success,444,262,388,337,386,169,688,333,25,281,"",1,2,0,0,0,0
cc070fcb-d63b-4ea8-9d02-8f8fb75e217f,arnq47rm,great_success,462,434,294,338,29,28,766,505,106,232,"",6,0,0,0,0,2
4243ae6a-af34-4d80-9815-20e6f3693b1c,arnq47rm,great_success,462,434,294,338,29,28,766,505,28,199,"",5,0,1,0,0,0
8a07440f-4775-4783-867c-f5f6ca9f9900,arnq47rm,great_success,462,434,226,275,29,28,766,505,28,199,"",4,0,1,0,0,0
f88be737-5217-4250-a673-be8b4e4e207c,arnq47rm,great_success,462,434,131,206,29,28,766,505,28,199,"",3,0,0,0,3,0
308ddaac-46cf-4cc5-813e-c6db071ee87f,arnq47rm,failure,462,434,131,206,29,28,766,156,28,199,"",2,0,0,0,2,0
e1bb810c-2c2e-4388-94c8-77efe5dea703,arnq47rm,great_success,462,434,131,276,29,28,701,344,28,199,"",1,1,0,0,0,0
49706e74-cb88-4133-adaf-095cab374ccb,a7gkqvun,great_success,7,2,7,337,32,104,669,335,25,32,"",2,0,0,1,0,0
dd376545-67db-4349-a7ee-5fd6531b1003,a7gkqvun,great_success,7,2,7,337,32,52,669,335,25,32,"",1,0,0,1,0,0
2a3a7574-4ae0-4bd5-816a-6d3856acf997,dldko43r,great_success,510,442,376,309,88,74,607,518,25,271,"",3,0,0,0,1,0
f7613d85-e8e2-4e50-8067-03fafcbf60c5,dldko43r,great_success,510,442,376,309,88,74,580,505,25,271,"",2,0,0,0,2,0
3753f3a5-d235-4ea6-9e8a-90f4aa5d7190,dldko43r,great_success,510,442,376,309,88,74,460,346,25,271,"",1,1,0,0,0,0
b43da3f3-760f-4feb-a099-408b018908c9,g2nofbpk,great_success,408,116,296,386,120,71,773,513,48,97,"",6,0,1,0,0,0
6f81fb2e-c229-44a8-bc7e-45b1c16860b2,g2nofbpk,great_success,408,116,210,332,120,71,773,513,48,97,"",5,0,0,0,2,0
c7887db6-ed22-402f-bb6b-a99bc6390376,g2nofbpk,great_success,408,116,210,332,120,71,713,340,48,97,"",4,1,0,0,0,0
8da22c9c-310e-4f92-b386-ce471307bb28,g2nofbpk,great_success,386,116,210,332,120,71,713,340,48,97,"",3,1,0,0,0,0
459c66e1-a132-4906-af06-5b9b913a6391,g2nofbpk,great_success,351,116,210,332,120,71,713,340,48,97,"",2,2,0,0,0,0
049c9918-83eb-4ab0-8e30-100b94218797,g2nofbpk,great_success,266,116,210,332,120,71,713,340,48,97,"",1,2,0,0,0,0
3261ecca-a617-4d3c-affb-6593e2b121f4,qvhlrubf,great_success,451,217,337,336,266,128,609,335,342,448,"",2,0,0,0,0,1
e0cb9c0e-a77f-4945-8b32-71df611e4ff1,qvhlrubf,great_success,451,217,337,336,266,128,609,335,342,382,"",1,0,0,0,0,2
75721c02-b10e-40f4-98a6-d0698f77e82c,oat3dau1,great_success,704,695,704,521,699,692,386,302,313,710,light,6,0,1,0,0,0
4f8381ff-46d7-4d51-9025-9ca59f0df50a,oat3dau1,great_success,704,695,661,439,699,692,386,302,313,710,light,5,0,1,0,0,0
225fb527-3e57-4bad-8e26-cf6be517bb32,oat3dau1,great_success,704,695,601,350,699,692,386,302,313,710,light,4,2,0,0,0,0
66ee50ca-f27a-4aae-989b-90140692d4f3,oat3dau1,great_success,602,588,601,350,699,692,386,302,313,710,light,3,0,0,2,0,0
defc5521-73b7-45bb-8caa-22c28e7604c9,oat3dau1,great_success,602,588,601,350,594,583,386,302,313,710,light,2,0,0,0,0,1
a8d78551-7484-43a2-89dc-2ec0c9c0303f,oat3dau1,great_success,602,588,601,350,594,583,386,302,313,691,light,1,0,0,0,0,3
fabacfc1-5329-483c-9bc6-e4bcf2fdf3ff,6macouvi,great_success,447,226,368,336,298,128,710,511,172,282,"",1,0,0,0,3,0
4297547d-710c-47b6-9c3a-8997fb70ef7e,l6unkieo,great_success,487,460,217,321,16,13,760,511,104,345,"",5,0,1,0,0,0
d5b82d28-ae5b-4ffe-b6ea-1438f4ace722,l6unkieo,great_success,487,460,119,279,16,13,760,511,104,345,"",4,0,0,0,0,2
4ae1da20-8c49-41b8-8e76-1cf29d44359b,l6unkieo,great_success,487,460,119,279,16,13,760,511,104,267,"",3,0,0,0,0,2
090e49fd-9eed-4818-9d45-c6922b9b9617,l6unkieo,great_success,487,460,119,279,16,13,760,511,27,239,"",2,0,0,0,2,0
87b059b0-2903-4d61-8181-8d4004b0157b,l6unkieo,great_success,487,460,119,279,16,13,692,337,27,239,"",1,3,0,0,0,0
614c0878-f30e-4e1d-97f4-2d69b881d0ef,4osbtoc2,great_success,660,542,523,507,263,235,715,507,289,452,light,5,0,0,0,0,2
1203ceb4-f9de-461f-a2e9-1647db1e1a3b,4osbtoc2,success,660,542,523,507,263,235,715,507,127,382,light,4,0,0,1,0,0
2c23835b-5432-4f73-8047-ee069296cc2e,4osbtoc2,great_success,660,542,523,507,207,139,715,507,127,382,light,3,0,2,0,0,0
e538a538-9e3c-4455-b59e-633651c38439,4osbtoc2,great_success,660,542,394,334,207,139,715,507,127,382,light,2,0,0,0,3,0
6757ecb8-3462-4c52-a6b9-7eb961c1d3be,4osbtoc2,great_success,660,542,394,334,207,139,619,333,127,382,light,1,2,0,0,0,0
21f01c3f-19a2-4267-81f5-dd81674d22fa,tkn5vvoh,great_success,410,94,199,337,118,67,785,511,75,95,"",6,1,0,0,0,0
343a2912-dbe0-4eeb-b7f1-aef18e204ba7,tkn5vvoh,great_success,390,94,199,337,118,67,785,511,75,95,"",5,1,0,0,0,0
78b62ef6-a8e5-4892-80a4-2cf1ba77d2ea,tkn5vvoh,great_success,361,94,199,337,118,67,785,511,75,95,"",4,1,0,0,0,0
6c777396-6549-48bf-a800-ed0fbea472d5,tkn5vvoh,great_success,330,94,199,337,118,67,785,511,75,95,"",3,2,0,0,0,0
f9f4f097-9bea-4817-bd27-da2a98889262,tkn5vvoh,great_success,255,94,199,337,118,67,785,511,75,95,"",2,2,0,0,0,0
00d44123-6d53-4130-b2c2-eab199559af9,tkn5vvoh,great_success,230,23,199,337,118,67,785,511,75,95,"",1,0,0,0,2,0
c32aec02-1630-4270-b1e3-8e0209e09c25,vhmeamot,great_success,530,457,98,275,16,15,760,510,98,371,"",6,0,0,0,2,0
706bf4fb-6a05-4560-a4a1-7a526e6ba497,vhmeamot,great_success,530,457,98,275,16,15,693,337,98,371,"",5,0,0,0,0,1
da0a7001-44ae-4030-b526-451113897ed0,vhmeamot,great_success,530,457,98,275,16,15,693,337,98,340,"",4,0,0,0,0,2
40872a17-4ce4-4246-9b83-1cdef1caa2a1,vhmeamot,great_success,530,457,98,275,16,15,693,337,98,264,"",3,0,0,0,0,2
9fc63065-191a-483b-92b8-95cd641697cf,vhmeamot,great_success,530,457,98,275,16,15,693,337,25,234,"",2,1,0,0,0,0
97d74295-9d58-424a-b30b-40bdbc9d60d8,vhmeamot,great_success,500,436,98,275,16,15,693,337,25,234,"",1,2,0,0,0,0
f95db650-4258-4f96-bc9f-1104814db2db,8s611ms5,great_success,505,458,206,315,16,15,760,515,99,339,"",6,0,1,0,0,0
b22da4d0-8b20-4fd2-9578-23da91a6973a,8s611ms5,great_success,505,458,104,277,16,15,760,515,99,339,"",5,0,0,0,0,2
07ab94ba-4612-4233-9960-ff3a4eebefae,8s611ms5,great_success,505,458,104,277,16,15,760,515,99,262,"",4,0,0,0,0,2
1fbdcd32-7407-410e-bc79-60a8efd850aa,8s611ms5,great_success,505,458,104,277,16,15,760,515,25,236,"",3,0,0,0,2,0
995befff-b616-407d-8d5d-ea84641900fa,8s611ms5,great_success,505,458,104,277,16,15,692,342,25,236,"",2,1,0,0,0,0
8421052a-5804-4776-9937-eed1f3e03a9a,8s611ms5,great_success,458,430,104,277,16,15,692,342,25,236,"",1,2,0,0,0,0
9f90e184-5591-48df-aa12-0578552d050a,ht82vvir,great_success,7,2,6,336,5,28,670,338,97,122,"",2,0,0,0,0,1
5a5ccb59-2e72-4af6-a679-4dd6a1f8e2e0,ht82vvir,great_success,7,2,6,336,5,28,670,338,97,92,"",1,0,0,0,0,1
a591f0b9-7cad-454d-b523-c44b9834498b,0f02ndch,great_success,377,99,198,340,115,67,787,509,75,98,"",5,1,0,0,0,0
70de068b-e260-45c9-ad9e-6135992dca77,0f02ndch,great_success,347,99,198,340,115,67,787,509,75,98,"",4,1,0,0,0,0
9f969877-277d-46f1-906e-8eaed7ad1e66,0f02ndch,great_success,314,99,198,340,115,67,787,509,75,98,"",3,2,0,0,0,0
2b485096-085e-46ae-863a-25f91ebe69a2,0f02ndch,great_success,230,99,198,340,115,67,787,509,75,98,"",2,2,0,0,0,0
8bf1d2c0-a77e-4fb0-b784-f0d981aa7b76,0f02ndch,great_success,199,25,198,340,115,67,787,509,75,98,"",1,0,0,0,2,0
272fed6c-f26a-422d-9d4b-18ece5d86b4a,6ge8ttcq,success,615,530,503,502,269,210,951,343,1,461,light,6,0,0,0,0,2
9c5b11d7-c2eb-44a7-ad4f-02d1f031933e,6ge8ttcq,great_success,615,530,503,502,339,210,951,343,183,357,light,5,0,0,0,0,3
8fd73bb7-a58b-416c-bdf8-8e7bc5b370cf,6ge8ttcq,great_success,615,530,503,502,339,210,951,343,61,282,light,4,0,0,1,0,0
53d0cdde-8b45-425a-a4cc-cf92bbcaca3f,6ge8ttcq,great_success,615,530,503,502,339,106,951,343,61,282,light,3,0,1,0,0,0
c5d0da8a-ada6-452a-a889-6b75a58ab206,6ge8ttcq,great_success,615,530,433,432,339,106,951,343,61,282,light,2,0,1,0,0,0
327ba571-272b-4d4b-abb7-348c496b71d4,6ge8ttcq,great_success,615,530,363,362,339,106,951,343,61,282,light,1,2,0,0,0,0
53dc9b24-e407-467e-b904-6cd3d12840c5,im6iqroa,great_success,629,502,504,371,470,348,731,402,101,369,light,8,0,0,0,1,0
23daddea-81fe-46da-831c-f19b37bb1c59,im6iqroa,great_success,629,502,504,371,470,348,690,289,101,369,light,7,0,0,0,0,1
e8861ebc-4aaa-4afe-ae98-f55181ef9ec4,im6iqroa,great_success,629,502,504,371,470,348,690,289,101,337,light,6,0,0,0,0,1
1fba616f-07e8-4f90-9787-e96de4f6a42c,im6iqroa,great_success,629,502,504,371,470,348,690,289,101,302,light,5,0,0,0,0,2
fc12473c-9f38-44ee-96df-073d2cfde031,im6iqroa,amazing_success,629,502,504,371,470,348,690,289,26,279,light,4,0,0,1,0,0
ec310a5b-74e4-4a23-b731-f32b2e90600a,im6iqroa,great_success,629,502,504,371,409,248,690,289,26,279,light,3,0,1,0,0,0
beb9be2b-544f-493d-ae59-e026a3b7375b,im6iqroa,great_success,629,502,452,271,409,248,690,289,26,279,light,2,1,0,0,0,0
e089e2d9-7f50-4d99-8ac9-49bf72a69a4a,im6iqroa,great_success,602,495,452,271,409,248,690,289,26,279,"",1,2,0,0,0,0
4ed56fc7-c075-4d9c-bdac-73d59ee8d7f5,vr25vj5c,great_success,574,267,485,112,349,175,760,514,27,281,"",4,0,0,0,2,0
4aa61f52-6a0e-495d-9495-e34808986cf2,vr25vj5c,success,574,267,485,112,349,175,692,341,27,281,"",3,0,3,0,0,0
f9af30f8-38b1-4e7d-a10b-48102e6597b5,vr25vj5c,great_success,574,267,391,337,349,175,692,341,27,281,"",2,2,0,0,0,0
c3817fb7-4df7-4bb2-b6ff-9b98c3a56232,vr25vj5c,great_success,517,267,391,337,349,175,692,341,27,281,"",1,3,0,0,0,0
1c118d49-c13b-456f-81a9-1c6109796c9b,n55bvqdk,great_success,479,431,243,315,27,29,762,512,100,281,"",5,0,0,0,0,1
bf6fa8ed-18b5-4650-9ccf-d96d704c41f1,n55bvqdk,great_success,479,431,243,315,27,29,762,512,100,240,"",4,0,0,0,0,2
2f3e222f-08bd-49c1-904e-ce51d8921e55,n55bvqdk,great_success,479,431,243,315,27,29,762,512,25,211,"",3,0,1,0,0,0
de88fa6b-d00e-4e2f-8ccd-a2bf5e27beda,n55bvqdk,great_success,479,431,155,263,27,29,762,512,25,211,"",2,1,0,0,0,0
5d02c578-8e19-47ea-bb69-3a28a35e81de,n55bvqdk,great_success,414,356,155,263,27,29,762,512,25,211,"",1,0,0,0,2,0
c68c851b-7273-498b-8eb0-e29b065e1fc9,9r4os34m,great_success,684,606,578,399,429,309,757,516,103,377,light,5,0,1,0,0,1
fe72debf-6e12-4a05-b293-d24b946d03c1,9r4os34m,great_success,684,606,526,316,429,309,757,516,103,345,light,4,0,0,0,0,1
eaf12c3a-68c9-4224-9261-6131ce6017ca,9r4os34m,great_success,684,606,526,316,429,309,757,516,103,310,light,3,0,0,0,2,2
840ab738-0d07-479d-84bf-8d5b9ee59199,9r4os34m,great_success,684,606,526,316,429,309,686,344,26,383,light,2,0,1,0,0,0
2a8c6ddf-316d-4722-9f70-85476808f38b,9r4os34m,great_success,684,606,482,220,429,309,686,344,26,383,light,1,2,0,0,0,0
b898e016-ee82-4ab7-a349-112cca4df269,v0g99l6s,great_success,661,523,535,401,546,388,653,456,140,400,light,8,0,0,0,0,1
c7d567ad-f8c0-4aa0-b4a7-b7675543e030,v0g99l6s,great_success,661,523,535,401,546,388,653,456,1,380,light,7,0,1,0,0,0
71307379-fb02-42e1-b870-b0546e57d78a,v0g99l6s,good_success,661,523,479,317,546,388,653,456,1,380,light,6,0,0,0,1,0
8dae72db-827d-42bb-91d4-8f350ce892d5,v0g99l6s,failure,661,523,479,317,546,388,612,369,1,380,light,5,0,0,0,1,0
1bb7dc17-043c-4b98-ada5-85fcd244be5e,v0g99l6s,great_success,661,523,479,317,546,388,653,270,1,380,light,4,0,0,0,1,0
a12daf45-3b80-4d63-bb27-8280c200cc3a,v0g99l6s,failure,661,523,479,317,546,388,632,158,1,380,light,3,0,0,0,2,0
22fee6d5-ef3d-49ba-a4cd-80b497afef45,v0g99l6s,great_success,661,523,479,317,546,388,524,330,66,380,light,2,1,0,0,0,0
f9314fd8-dff2-42ce-94b9-f8360e520eea,v0g99l6s,great_success,648,521,479,317,546,388,524,330,66,380,light,1,2,0,0,0,0
bada7f9b-3d73-442b-97d3-cb002ba31aba,e9pnu46l,great_success,363,95,186,334,128,82,847,507,93,105,"",5,0,0,0,2,0
5158ce1d-4034-4bde-92b3-928fbbf4ae66,e9pnu46l,great_success,363,95,186,334,128,82,845,333,93,105,"",4,1,0,0,0,0
8974af3f-a9c4-495a-bc71-0f03558c1241,e9pnu46l,great_success,339,95,186,334,128,82,845,333,93,105,"",3,1,0,0,0,0
6c658279-eb53-436f-937b-48609235a897,e9pnu46l,great_success,306,95,186,334,128,82,845,333,93,105,"",2,2,0,0,0,0
68c60174-2125-4bc5-91c7-56c5f03a58d2,e9pnu46l,great_success,222,95,186,334,128,82,845,333,93,105,"",1,2,0,0,0,0
cef8a8b2-e9d0-4075-854f-8c0e22d1c2cb,ujjp1u22,great_success,660,611,529,417,559,340,758,511,101,377,light,8,0,0,0,0,1
655df7b8-9014-4da2-bfc8-22b22284c362,ujjp1u22,great_success,660,611,529,417,559,340,758,511,1,377,light,7,0,0,0,1,0
2ef8e128-5470-43a6-bbf6-32d69abf7be3,ujjp1u22,great_success,660,611,529,417,559,340,734,432,1,377,light,6,0,0,0,1,0
3d8b3775-4c3a-44fd-b874-d81192081c96,ujjp1u22,failure,660,611,529,417,559,340,688,338,1,377,light,5,0,0,0,0,2
751ff407-f7a8-4044-8ff0-657f5ea7296a,ujjp1u22,great_success,660,611,529,417,559,340,688,338,26,359,light,4,0,1,0,0,0
e9713d26-b2e3-429c-a9fd-e5f2f75f33f4,ujjp1u22,great_success,660,611,470,336,559,340,688,338,26,359,light,3,0,0,1,0,0
f92d856e-6d33-4bcf-9e38-db9069a834b7,ujjp1u22,great_success,660,611,470,336,514,246,688,338,26,359,light,2,1,0,0,0,0
655f0fea-96c0-49cf-8dd0-31a297e6dd91,ujjp1u22,great_success,643,509,470,336,514,246,688,338,26,359,light,1,2,0,0,0,0
ae21327b-5291-4c6b-ac56-34a1800fcbec,fd08sbkf,great_success,454,219,165,335,35,39,763,342,104,233,"",5,0,0,0,0,1
c0572192-d9e8-4d78-967c-b1fa2bbeb787,fd08sbkf,great_success,454,219,165,335,35,39,763,342,104,183,"",4,0,0,0,0,2
01a2b114-c121-49c9-95eb-9a7709a79e2a,fd08sbkf,great_success,454,219,165,335,35,39,763,342,27,127,"",3,0,0,0,2,0
857168ef-ad4b-4b7a-bd49-d62b01272153,fd08sbkf,great_success,454,219,165,335,35,39,696,342,27,127,"",2,2,0,0,0,0
439fd56a-f89c-4bce-b04f-8c2f6a1ab0cd,fd08sbkf,great_success,370,219,165,335,35,39,696,342,27,127,"",1,3,0,0,0,0
f36817b5-ab81-4e96-8b5b-987d8e2e85c6,5g13ih5o,great_success,600,543,304,300,105,55,757,485,99,466,light,6,0,0,0,0,2
5abb0a0f-d021-471a-a6d9-41a7422f24b8,5g13ih5o,great_success,600,543,304,300,105,55,757,485,99,412,light,5,0,0,0,0,2
19ca5352-a385-44d1-9976-4d15ac700a48,5g13ih5o,great_success,600,543,304,300,105,55,757,485,25,396,light,4,1,0,0,0,0
122ea753-9749-46fc-bf60-fc0be06e4149,5g13ih5o,great_success,589,527,304,300,105,55,757,485,25,396,light,3,0,0,0,3,0
7045e2fe-9d30-40ca-94de-42b0e6b9d6bf,5g13ih5o,great_success,589,527,304,300,105,55,687,308,25,396,light,2,1,0,0,0,0
627eb33d-2392-4d9a-9496-9b1ae45c7d65,5g13ih5o,great_success,513,452,304,300,105,55,687,308,25,396,"",1,1,0,0,0,0
c58ecdd5-d6c5-4de7-a953-f64e0b0580e4,i4fpgiug,great_success,490,405,172,334,111,100,717,508,292,500,"",5,0,0,0,0,1
c3496bb0-5988-44be-9344-5f907a10a564,i4fpgiug,great_success,490,405,172,334,111,100,717,508,292,463,"",4,0,0,0,0,1
df18dea2-018e-4818-8083-4d57970d5055,i4fpgiug,great_success,490,405,172,334,111,100,717,508,292,404,"",3,0,0,0,0,2
3ba9e7dc-896e-4519-bd24-a6e065cf7149,i4fpgiug,great_success,490,405,172,334,111,100,717,508,129,325,"",2,0,0,0,3,0
8fe406db-c623-4a74-be42-4ded8bd9b166,i4fpgiug,great_success,490,405,172,334,111,100,622,334,129,325,"",1,3,0,0,0,0
4d8bcc86-114f-49d0-9cc2-8f179964e192,3mfh4u41,great_success,661,504,592,428,600,452,680,486,146,486,light,6,0,0,0,0,2
4a30c21e-8477-4232-a487-22adc2d8d912,3mfh4u41,great_success,661,504,592,428,600,452,680,486,146,413,light,5,0,1,0,0,0
41ad0799-8667-4958-a45f-b8942511e4cf,3mfh4u41,great_success,661,504,537,342,600,452,680,486,146,413,light,4,0,0,0,0,2
4b3ec57b-3a29-4648-9251-5f87d15bdcc7,3mfh4u41,success,661,504,537,342,600,452,680,486,43,385,light,3,0,0,0,2,0
f871a398-48f9-476d-b3ec-f9305504be47,3mfh4u41,great_success,661,504,537,342,600,452,583,309,43,385,light,2,1,0,0,0,0
d28fb0f8-6d18-4d45-b406-7bc4c15e5901,3mfh4u41,great_success,643,503,537,342,600,452,583,309,43,385,light,1,2,0,0,0,0
e8f65592-c081-4ed5-a83d-47ca15b11aa3,r280fuve,great_success,595,563,557,327,514,443,745,508,193,380,light,5,0,0,0,0,2
8781c71e-2b03-4bdf-8302-75429ba2923f,r280fuve,great_success,595,563,557,327,514,443,745,508,66,334,light,4,0,0,1,0,0
7c2d787c-8a6f-48b4-85af-bdebf9809008,r280fuve,great_success,595,563,557,327,451,365,745,508,66,334,light,3,0,0,0,2,0
a518b5f1-5052-4518-a4bb-74d2342e33b1,r280fuve,great_success,595,563,557,327,451,365,667,335,66,334,light,2,1,0,0,0,0
fb8fd67a-21f8-43ed-8460-4453449d3fc1,r280fuve,great_success,576,548,557,327,451,365,667,335,66,334,light,1,2,0,0,0,0
c83dfd19-74b2-4e73-8f40-c6ad5a877c74,0j5mfhvd,great_success,623,527,407,425,166,177,803,458,27,215,light,7,0,0,1,0,0
5e909b6b-a776-44cc-91e4-7a0358a213fb,0j5mfhvd,great_success,623,527,407,425,96,97,803,458,27,215,light,6,0,1,0,0,0
680d84f7-eed8-49c2-b196-7a03c8cb25d2,0j5mfhvd,great_success,623,527,336,346,96,97,803,458,27,215,light,5,1,0,0,0,0
ff736c30-434f-4ee8-a9a5-d0076f0bf1d2,0j5mfhvd,great_success,555,527,336,346,96,97,803,458,27,215,light,4,1,0,0,0,0
d0c16cbc-5ccf-4ed0-be56-c5d39849c088,0j5mfhvd,great_success,482,527,336,346,96,97,803,458,27,215,light,3,2,0,0,0,0
0dbfbb91-5bec-42a2-aa44-c7a649d55419,0j5mfhvd,great_success,306,519,336,346,96,97,803,458,27,215,light,2,0,0,0,2,0
e1efc4d2-e34c-48a0-baaa-b064f64eb8ac,0j5mfhvd,failure,306,519,336,346,96,97,766,278,27,215,light,1,2,0,0,0,0
03ba010f-c4eb-4a89-82d2-a2540af9d78e,uoalb5no,great_success,622,540,484,469,393,249,756,512,25,262,light,6,0,0,1,0,0
0e044217-553f-48bc-be4f-a09f01cf7427,uoalb5no,great_success,622,540,484,469,351,152,756,512,25,262,light,5,0,1,0,0,0
5a4882a6-ee01-4344-9d1f-a255bc7c07ef,uoalb5no,great_success,622,540,443,434,351,152,756,512,25,262,light,4,0,2,0,0,0
bf2237d8-fdd8-4235-9a1c-554091a5e038,uoalb5no,great_success,622,540,307,290,351,152,756,512,25,262,light,3,0,0,0,2,0
1a57ba14-adc7-4c8e-bb3d-fa9761d5d692,uoalb5no,great_success,622,540,307,290,351,152,685,339,25,262,light,2,1,0,0,0,0
5b69462c-514c-4783-8743-0e10f4b5a156,uoalb5no,great_success,602,530,307,290,351,152,685,339,25,262,light,1,2,0,0,0,0
d33eff47-6540-46b2-9d66-3084ed8bc88e,59qtrh7i,great_success,611,437,327,299,96,43,538,514,24,128,"",2,0,0,0,3,0
78b85f91-634b-4b79-a069-889a62c31733,59qtrh7i,great_success,611,437,327,299,96,43,370,341,24,128,"",1,3,0,0,0,0
a6e3699f-9b41-4847-9889-da0e4e37f537,9nqiavjq,great_success,599,405,356,335,254,126,594,333,275,459,"",6,1,0,0,0,0
d81d302a-c9fd-4f2d-9af5-430b8c948822,9nqiavjq,great_success,569,405,356,335,254,126,594,333,275,459,"",5,3,0,0,0,0
02e8b9d0-0e52-4475-a6d2-6578961945f2,9nqiavjq,failure,542,38,356,335,254,126,594,333,275,459,"",4,2,0,0,0,0
4db80703-36a8-4d9d-9e59-66dcf5c8a4d2,9nqiavjq,great_success,448,225,356,335,254,126,594,333,345,459,"",3,0,0,0,0,1
97d22c7f-1e43-439c-a952-25684ee14fa0,9nqiavjq,great_success,448,225,356,335,254,126,594,333,345,452,"",2,0,0,0,0,1
531d990e-137e-4b80-9cb3-537af94188db,9nqiavjq,great_success,448,225,356,335,254,126,594,333,345,386,"",1,0,0,0,0,2
3f6ab7b9-c9df-46c2-9a1a-2700accea3c7,luv9gr43,great_success,635,507,342,415,145,146,488,306,103,326,light,8,0,0,0,0,1
5387f133-de24-4452-a863-b148791fe20f,luv9gr43,great_success,635,507,342,415,145,146,488,306,103,289,light,7,0,0,0,0,2
9f0b141e-4108-4ff8-a817-72e80afc95f2,luv9gr43,great_success,635,507,342,415,145,146,488,306,26,264,light,6,0,1,0,0,0
7d3ebfcc-a685-483f-8c7e-43a59c3afe13,luv9gr43,great_success,635,507,261,356,145,146,488,306,26,264,light,5,0,0,1,0,0
fefff40e-4086-4202-abc0-8b3b9735de77,luv9gr43,great_success,635,507,261,356,75,76,488,306,26,264,light,4,1,0,0,0,0
8cd3119e-31e4-481d-9580-0b10dc61110b,luv9gr43,great_success,632,409,261,356,75,76,488,306,26,264,"",3,1,0,0,0,0
406e15ec-34d0-47f6-94a9-0cbe5e66ee8d,luv9gr43,great_success,584,303,261,356,75,76,488,306,26,264,"",2,1,0,0,0,0
ab22ade8-80c6-4e0d-a418-99759f83f9a1,luv9gr43,failure,547,201,261,356,75,76,488,306,26,264,"",1,2,0,0,0,0
33bd5449-77fe-4c9a-9903-e4ac709b0738,ptna3vkt,great_success,593,443,425,379,96,42,606,517,25,137,"",4,0,1,0,0,0
10662880-79af-424d-bc44-46b45cb62c3a,ptna3vkt,great_success,593,443,351,304,96,42,606,517,25,137,"",3,0,0,0,1,0
f4992d91-e540-4650-b99f-c7b5f7332eee,ptna3vkt,great_success,593,443,351,304,96,42,579,505,25,137,"",2,0,0,0,2,0
13d5a916-dcc8-4d3e-b22e-f65fff92d558,ptna3vkt,great_success,593,443,351,304,96,42,458,345,25,137,"",1,3,0,0,0,0
6aaec74a-20a9-42a9-a55e-59628c556748,2nmpk9sc,great_success,140,1,153,390,154,180,759,508,26,66,"",5,0,3,0,0,0
6cc50082-2512-44f5-a1a1-d92182bca3f7,2nmpk9sc,moderate_success,140,1,1,339,154,180,759,508,26,66,"",4,1,0,2,0,0
a51e54f7-5947-404f-965b-2f2e2668a8c5,2nmpk9sc,great_success,128,51,47,339,47,60,759,508,26,66,"",3,1,0,0,0,0
7fdf4d4a-792b-41d3-a8c1-2137ebb42c49,2nmpk9sc,great_success,69,51,47,339,47,60,759,508,26,66,"",2,1,0,0,0,0
66d37b25-8b8d-432a-b4dc-4e2a392fa438,2nmpk9sc,great_success,41,11,47,339,47,60,759,508,26,66,"",1,0,0,0,2,0
1f6fd003-6de4-4929-8a38-c85c1eaf0367,bo727pvi,failure,636,509,567,176,547,423,676,431,104,356,light,6,0,0,0,0,1
c1883fa3-371d-41b9-9724-17f9db174bf5,bo727pvi,great_success,636,509,567,176,547,423,676,431,104,385,light,5,0,0,0,1,0
c841d4ad-7d60-43a7-b5cb-039f76a6f34c,bo727pvi,great_success,636,509,567,176,547,423,691,337,104,385,light,4,0,0,0,0,2
669792e3-21aa-4575-afcb-e5d6b5bc4720,bo727pvi,great_success,636,509,567,176,547,423,691,337,27,363,light,3,0,0,2,0,0
c5a492ce-27b7-4a60-bd0e-4e0c2bb634de,bo727pvi,failure,636,509,567,176,449,242,691,337,27,363,light,2,0,2,0,0,0
f8d5f62e-1a02-4a6d-82ff-4dd59d991de1,bo727pvi,great_success,636,509,447,336,449,242,691,337,27,363,light,1,2,0,0,0,0
8b685352-e970-432b-b978-eab6640aa1b0,26ao4v23,great_success,641,512,475,351,495,229,749,502,56,336,light,3,0,0,0,2,0
97e3a501-ea97-490e-9ed3-ef6a3d9a8916,26ao4v23,great_success,641,512,475,351,495,229,673,328,56,336,light,2,1,0,0,0,0
a7827f05-4f0e-453c-aed1-0c0adfbf59ae,26ao4v23,great_success,619,507,475,351,495,229,673,328,56,336,light,1,2,0,0,0,0
47005910-46ed-4bdc-b20c-f8144961942f,slnr2acb,great_success,432,100,230,337,112,68,787,512,77,98,"",6,0,0,0,2,0
d3d84862-f650-4ccc-887c-1de976482de9,slnr2acb,great_success,432,100,230,337,112,68,737,339,77,98,"",5,1,0,0,0,0
5359ad84-d718-4ee5-883f-4a648d310fd3,slnr2acb,great_success,420,100,230,337,112,68,737,339,77,98,"",4,1,0,0,0,0
95396f8f-9856-463f-af2c-b117cf49e429,slnr2acb,great_success,392,100,230,337,112,68,737,339,77,98,"",3,1,0,0,0,0
97fab5ee-80f9-43a0-b103-52a49ba4b839,slnr2acb,great_success,362,100,230,337,112,68,737,339,77,98,"",2,2,0,0,0,0
f14fa918-dc2c-4514-aec1-f7299643b74f,slnr2acb,great_success,277,100,230,337,112,68,737,339,77,98,"",1,2,0,0,0,0
9fd0370d-26d4-4538-9171-8dc356020acc,u4f0vl57,great_success,656,628,617,508,541,422,912,334,456,587,light,6,0,1,0,0,0
a5995190-8f58-4dbb-95d2-4033b5f6424c,u4f0vl57,great_success,656,628,589,498,541,422,912,334,456,587,light,5,0,0,0,0,1
a81bb1f6-4cb0-4cfc-a8d0-ac6d2f7827e2,u4f0vl57,great_success,656,628,589,498,541,422,912,334,447,542,light,4,0,0,0,0,2
7b1eac6c-f68d-4433-8a31-70fd665fce5a,u4f0vl57,great_success,656,628,589,498,541,422,912,334,276,433,light,3,0,2,0,0,0
923c3919-6f4b-489b-a86e-0adb02981df0,u4f0vl57,great_success,656,628,473,334,541,422,912,334,276,433,light,2,0,0,2,0,0
e9352d9b-f320-4a1c-8d12-61dffc356a6c,u4f0vl57,great_success,656,628,473,334,443,241,912,334,276,433,light,1,2,0,0,0,0
96b5943f-27f8-42ff-be80-36eb07a6f1a1,8svaaris,great_success,531,461,112,278,17,16,767,507,104,349,"",5,0,0,0,2,0
b97f9cce-5cf4-45a3-bdc9-95073322b844,8svaaris,great_success,531,461,112,278,17,16,704,333,104,349,"",4,0,0,0,0,2
a8a0a0cc-0f74-47b6-a1a3-856af7268b71,8svaaris,amazing_success,531,461,112,278,17,16,704,333,104,272,"",3,0,0,0,0,2
c2dfcbaf-ed53-4d59-9603-a568ab770727,8svaaris,great_success,531,461,112,278,17,16,704,333,27,241,"",2,1,0,0,0,0
201f35a5-1f1e-4f24-8698-6696568d0574,8svaaris,great_success,503,439,112,278,17,16,704,333,27,241,"",1,2,0,0,0,0
2bebbd6c-427c-4299-b639-b510dbc13257,gbmkfvmd,failure,486,365,345,431,249,253,736,245,105,401,"",5,0,0,0,1,0
522ede72-d782-47d8-a3fb-db47bf90925a,gbmkfvmd,great_success,486,435,345,431,249,253,690,339,105,401,"",4,0,0,0,0,2
e189d3ae-853d-42c0-8a6d-4ff720bdb9dd,gbmkfvmd,great_success,486,435,345,431,249,253,690,339,27,383,"",3,0,0,2,0,0
fddcf0f5-3bd2-4048-84ce-36953e586336,gbmkfvmd,success,486,435,345,431,117,105,690,339,27,383,"",2,0,2,0,0,0
fc828977-196b-4d05-a342-16807005439a,gbmkfvmd,great_success,486,435,171,337,117,105,690,339,27,383,"",1,3,0,0,0,0
b596cfa8-51f6-4605-860e-86041ab50cee,oi9q1et7,great_success,515,411,264,383,113,98,711,509,292,461,"",5,0,1,0,0,0
29ac4262-687f-44c8-b816-6d5d846b99d4,oi9q1et7,great_success,515,411,171,335,113,98,711,509,292,461,"",4,0,0,0,0,1
3b509a77-66c6-4a57-bdbc-2b62586c45d3,oi9q1et7,great_success,515,411,171,335,113,98,711,509,292,402,"",3,0,0,0,0,2
25b02b47-29c6-4a00-91c4-0328f6f420d8,oi9q1et7,great_success,515,411,171,335,113,98,711,509,129,322,"",2,0,0,0,3,0
42bb6086-cc5f-4a76-b148-331142e92af5,oi9q1et7,great_success,515,411,171,335,113,98,613,335,129,322,"",1,3,0,0,0,0
adba012a-2208-46db-8e7c-2a0e3d19334b,6cr7442k,great_success,378,97,283,392,124,79,846,512,95,107,"",6,0,1,0,0,0
ee8e6211-5cfb-4843-9a44-27a28de8c4a2,6cr7442k,great_success,378,97,194,333,124,79,846,512,95,107,"",5,1,0,0,0,0
d5bc62b4-b9fe-43c3-924f-df98746f4f7c,6cr7442k,great_success,351,97,194,333,124,79,846,512,95,107,"",4,1,0,0,0,0
b1d533dc-bcf8-48b4-b881-f46d6608ab66,6cr7442k,great_success,313,97,194,333,124,79,846,512,95,107,"",3,2,0,0,0,0
e6ad38b4-9b87-4e3c-a4c3-c0ad0fc4ae81,6cr7442k,great_success,230,97,194,333,124,79,846,512,95,107,"",2,2,0,0,0,0
aa37854d-0f12-4521-8271-982e02377897,6cr7442k,great_success,200,24,194,333,124,79,846,512,95,107,"",1,0,0,0,2,0
5e155ef5-59a4-4eed-ab0e-e6ad3fe5492b,h0el9us1,great_success,679,557,586,340,525,384,747,488,188,526,light,6,0,0,0,0,1
e3a81a33-125e-4f79-8769-016d3bf88299,h0el9us1,great_success,679,557,586,340,525,384,747,488,188,487,light,5,0,0,0,0,1
e9ef2173-a082-40fe-b409-c954529935f6,h0el9us1,great_success,679,557,586,340,525,384,747,488,188,445,light,4,0,0,0,2,0
82308eba-a2fa-4e9e-bfc1-9311f2161ad5,h0el9us1,great_success,679,557,586,340,525,384,670,312,188,445,light,3,0,0,1,0,0
8710564c-ecee-4559-a91c-d91060373513,h0el9us1,great_success,679,557,586,340,473,283,670,312,188,445,light,2,0,0,0,0,2
cbea333f-ccce-4d7d-9412-b3b428889c50,h0el9us1,great_success,679,557,586,340,473,283,670,312,64,408,light,1,3,0,0,0,0
c5c9bca0-7d8e-44e3-9d3a-52f6d25c2096,itt0u5pd,great_success,557,332,542,481,519,327,688,300,25,113,"",7,1,0,0,0,0
4fd09b1e-04f1-4fa6-af1a-0b4b7b029a33,itt0u5pd,great_success,533,332,542,481,519,327,688,300,25,113,"",6,0,1,0,0,0
6fc527c2-f1ee-4779-aca0-baed7cd5370e,itt0u5pd,great_success,533,332,500,481,519,327,688,300,25,113,"",5,0,0,1,0,0
193ed925-9fab-4ca2-a2b0-c0e194d27e5b,itt0u5pd,great_success,533,332,500,481,461,327,688,300,25,113,"",4,0,0,2,0,0
135957e4-0e3a-4f2d-b321-cd6d16d62044,itt0u5pd,great_success,533,332,500,481,379,157,688,300,25,113,"",3,0,2,0,0,0
bfb51dd7-89e8-4a68-ac2c-3913ecc50c92,itt0u5pd,great_success,533,332,375,303,379,157,688,300,25,113,"",2,1,0,0,0,0
32c11240-bdd0-472a-993e-1ac727389748,itt0u5pd,great_success,475,332,375,303,379,157,688,300,25,113,"",1,2,0,0,0,0
45decc0d-e635-4535-a4c4-9d5e3ca11c08,s8f67vgd,great_success,407,95,192,330,113,65,785,505,73,94,"",6,1,0,0,0,0
c0f27df1-d1ac-4212-877d-99b42c89e9f5,s8f67vgd,great_success,389,95,192,330,113,65,785,505,73,94,"",5,1,0,0,0,0
4adff7f4-8b04-44d5-8aa9-586eeb2d44ba,s8f67vgd,great_success,360,95,192,330,113,65,785,505,73,94,"",4,1,0,0,0,0
f37ca744-1ae8-4f2f-a472-1af87c51462e,s8f67vgd,great_success,329,95,192,330,113,65,785,505,73,94,"",3,2,0,0,0,0
b2261724-647c-411a-8884-f012c00fdd51,s8f67vgd,great_success,253,95,192,330,113,65,785,505,73,94,"",2,2,0,0,0,0
01ed0a84-561a-416c-a582-c0108e13e7fe,s8f67vgd,great_success,227,24,192,330,113,65,785,505,73,94,"",1,0,0,0,2,0
7d9af60f-e4f6-4b26-b0bc-22881446ffdb,n7thn2of,great_success,144,65,167,401,159,182,1149,338,160,76,"",4,0,0,2,0,0
6091ffc3-ab7b-4d6b-8ca6-54550ae5bfc9,n7thn2of,great_success,144,65,167,401,49,61,1149,338,160,76,"",3,0,3,0,0,0
e014db57-11ae-428f-adeb-aa55668f6f20,n7thn2of,great_success,144,65,53,345,49,61,1149,338,160,76,"",2,1,0,0,0,0
23f4e351-2a78-4e80-81f6-3633fcaf40b9,n7thn2of,great_success,83,65,53,345,49,61,1149,338,160,76,"",1,1,0,0,0,0
21534961-885f-4117-aeec-fda5e2968154,kgo6j4jh,great_success,509,434,363,314,97,70,759,337,25,345,"",2,0,0,0,2,0
389378cd-9cab-4973-928f-b60c21a41e19,kgo6j4jh,great_success,509,434,363,314,97,70,689,337,25,345,"",1,1,0,0,0,0
10b52279-15f4-4174-a08c-09b437bca467,8mve42ku,great_success,665,582,604,504,655,535,676,341,551,558,light,4,0,0,0,0,3
e26d27ab-762d-4761-b70f-e4c547c7e00a,8mve42ku,great_success,665,582,604,504,655,535,676,341,387,395,light,3,0,0,2,0,0
2562c031-53ca-4d89-857d-2e6dba20a585,8mve42ku,great_success,665,582,604,504,527,371,676,341,387,395,light,2,0,2,0,0,0
e3b826f9-fe4b-4a73-9140-5d6f2406384a,8mve42ku,great_success,665,582,489,339,527,371,676,341,387,395,light,1,3,0,0,0,0
56c191c0-300f-4ddb-a3ec-1391a08c8786,q9mt1glj,great_success,501,407,407,244,118,105,719,509,293,500,"",7,0,1,0,0,0
ba1bfc09-e046-4c25-a77e-3a4619765c22,q9mt1glj,great_success,501,407,146,338,118,105,719,509,293,500,"",6,0,0,0,1,0
637a9fbf-db4a-492b-b088-7d399f02862a,q9mt1glj,great_success,501,407,146,338,118,105,674,427,293,500,"",5,0,0,0,1,0
871aabc7-9827-425c-930a-d125add22c1e,q9mt1glj,great_success,501,407,146,338,118,105,625,336,293,500,"",4,0,0,0,0,1
0faee69e-270f-43d7-b641-7d64bd5c5d28,q9mt1glj,great_success,501,407,146,338,118,105,625,336,293,463,"",3,0,0,0,0,1
ea87ccfc-02a4-4cd1-bff0-76d7c6f9076d,q9mt1glj,great_success,501,407,146,338,118,105,625,336,293,405,"",2,0,0,0,0,2
43338df9-069c-4ab7-8d38-430b719fb0d5,q9mt1glj,great_success,501,407,146,338,118,105,625,336,130,325,"",1,3,0,0,0,0
33420ac9-6779-491d-b117-1d13917164b8,gbsi3mg2,great_success,615,437,329,302,93,44,755,517,25,133,"",2,0,0,0,2,0
f90889bd-ab3d-4ad9-be2c-b3452ddcf8f0,gbsi3mg2,great_success,615,437,329,302,93,44,684,346,25,133,"",1,3,0,0,0,0
be6431db-51f3-4bf0-8bd7-8bc7ce0e26f7,u2r2d2ss,amazing_success,633,561,579,492,517,371,686,337,99,399,light,5,0,0,2,0,0
0ee61c34-9474-4982-ba7c-e136c7ed0449,u2r2d2ss,great_success,633,561,579,492,414,194,686,337,99,399,light,4,0,0,0,0,2
8141fc7b-9050-4ab9-b7e5-0a1de6385eb6,u2r2d2ss,great_success,633,561,579,492,414,194,686,337,25,382,light,3,0,3,0,0,0
f8e374d1-8d90-41a2-acc9-77614db5aae9,u2r2d2ss,great_success,633,561,422,317,414,194,686,337,25,382,light,2,1,0,0,0,0
f0af9cb2-1251-4e2c-a940-afc56ba2fdfb,u2r2d2ss,great_success,621,554,422,317,414,194,686,337,25,382,light,1,2,0,0,0,0
abfbf428-647d-4cd8-815b-32de9c3f3fa0,ohrer3os,great_success,635,570,530,420,542,441,745,511,266,552,light,7,0,0,1,0,0
455fcd16-2312-44a1-b22b-27cfd39eb054,ohrer3os,great_success,635,570,530,420,482,361,745,511,266,552,light,6,0,0,0,2,0
f966c5c6-7095-4349-b158-d1c969eb48b3,ohrer3os,great_success,635,570,530,420,482,361,667,337,266,552,light,5,0,0,0,0,1
d7b09747-e028-4171-b73e-7b6435d1af37,ohrer3os,great_success,635,570,530,420,482,361,667,337,266,504,light,4,0,0,0,0,1
d72100e6-45c4-4928-b0d6-409672bf62fa,ohrer3os,great_success,635,570,530,420,482,361,667,337,266,452,light,3,0,1,0,0,0
12a4730f-dc98-4c95-bf52-f96fdc9c0c13,ohrer3os,great_success,635,570,471,338,482,361,667,337,266,452,light,2,0,0,0,0,2
25d84c58-c34e-4f32-84a8-93eb7ea462ff,ohrer3os,great_success,635,570,471,338,482,361,667,337,111,391,light,1,2,0,0,0,0
0e680bc6-8d36-4293-ab77-04f60634263c,a88i4biu,great_success,526,466,281,376,1,22,763,520,101,305,"",7,0,0,0,1,0
61aef55d-c3b8-4b9a-9df9-b1c103a767dc,a88i4biu,great_success,526,466,281,376,1,22,733,520,101,305,"",6,0,0,0,0,1
5eff4298-f8c7-4a81-a6bd-61a7b586c265,a88i4biu,great_success,526,466,281,376,1,22,733,520,101,266,"",5,0,0,0,0,1
759eff8b-77af-4916-952d-4896048aed59,a88i4biu,great_success,526,466,281,376,1,22,733,520,26,253,"",4,0,1,0,0,0
0a382867-baf9-4977-986d-ecaebebb2a65,a88i4biu,great_success,526,466,193,323,1,22,733,520,26,253,"",3,0,0,0,2,0
a9df05aa-50a3-4692-bc24-375c5eadad85,a88i4biu,failure,526,466,193,323,1,22,604,520,26,253,"",2,0,0,0,2,0
b83fe6cb-5ac3-4045-83fc-bec8767414ce,a88i4biu,great_success,526,466,193,323,33,22,697,348,26,253,"",1,2,0,0,0,0
e63e4d0a-2d8a-485a-9ed3-a66a03f8e65e,90aj4vr2,great_success,436,216,332,336,441,289,599,337,168,277,"",2,0,0,1,0,0
616a6d43-8a99-4415-affd-98596510490f,90aj4vr2,great_success,436,216,332,336,398,289,599,337,168,277,"",1,0,0,3,0,0
b86cbb30-fe1f-4aaf-a704-0209258bd444,ceh4m90v,failure,634,552,534,472,380,286,714,518,26,293,light,6,0,0,1,0,0
5bcef386-77ff-4120-af13-aae46cd83863,ceh4m90v,failure,634,552,534,472,305,351,714,518,26,293,light,5,0,0,1,0,0
2b8c2cf8-1818-4557-965b-4fb2d6bbf9a2,ceh4m90v,great_success,634,552,534,472,428,264,714,518,26,293,light,4,0,2,0,0,0
5391cec8-fe74-446c-a6c2-e3cfe9a304d3,ceh4m90v,great_success,634,552,413,313,428,264,714,518,26,293,light,3,0,0,0,3,0
760721eb-5b14-4c2e-a8ed-0c9335025458,ceh4m90v,great_success,634,552,413,313,428,264,616,346,26,293,light,2,1,0,0,0,0
531d3dfe-246b-4b88-b2bf-998dba365899,ceh4m90v,great_success,619,544,413,313,428,264,616,346,26,293,light,1,2,0,0,0,0
51e36a78-e8bb-42fa-9899-e863fd06ee4a,5o5m6fus,great_success,642,583,442,335,339,261,631,503,181,576,light,6,0,0,0,1,0
581df0cd-50e9-4e74-8f16-d471636c3605,5o5m6fus,great_success,642,583,442,335,339,261,572,422,181,576,light,5,0,0,0,1,0
096610d3-fc6c-4b2e-996c-1e3a2da75822,5o5m6fus,great_success,642,583,442,335,339,261,516,338,181,576,light,4,0,0,1,0,0
e4304aba-24ce-44d8-a2b1-42913e97ca98,5o5m6fus,great_success,642,583,442,335,286,174,516,338,181,576,light,3,0,0,0,0,1
085bb188-0f96-4c33-a259-5b8343ed9edc,5o5m6fus,great_success,642,583,442,335,286,174,516,338,181,541,light,2,0,0,0,0,1
dfebc200-224c-4a6a-835d-fe680db34faf,5o5m6fus,great_success,642,583,442,335,286,174,516,338,181,504,light,1,3,0,0,0,2
579d73a6-508c-4edc-bb11-3a71102a6457,5ubvktrr,great_success,672,585,535,337,317,173,650,510,181,575,light,6,0,0,0,0,1
e511f355-a532-434e-bf53-8f929ae39c10,5ubvktrr,great_success,672,585,535,337,317,173,650,510,181,540,light,5,0,0,0,0,1
b5ddba98-ea55-444d-a26e-c20917e86121,5ubvktrr,great_success,672,585,535,337,317,173,650,510,181,504,light,4,0,0,0,0,2
dc777bff-0980-43e0-9121-30dc76a7db62,5ubvktrr,great_success,672,585,535,337,317,173,650,510,60,472,light,3,0,0,0,1,0
f6cfc39a-1e98-41d2-9020-23df687384f6,5ubvktrr,great_success,672,585,535,337,317,173,630,507,60,472,light,2,0,0,0,2,0
74592b51-36d2-400c-8576-04bd836e0ee9,5ubvktrr,great_success,672,585,535,337,317,173,520,337,60,472,light,1,3,0,0,0,0
cc11e57a-c892-4b98-92c7-55441c235409,56viqc59,amazing_success,561,447,329,300,96,42,754,519,24,138,"",2,1,0,0,0,0
85fbabe5-8eb6-4f6a-9fbe-f33669ec7b08,56viqc59,great_success,494,353,329,300,96,42,754,519,24,138,"",1,0,0,0,2,0
a781374e-c881-42cb-ac06-40d70fdb4ff9,1oblm8kq,great_success,351,157,86,311,127,100,761,159,101,222,"",6,0,0,1,0,0
6ff694d8-43c4-40c7-bfc0-b35ab7263668,1oblm8kq,great_success,351,157,86,311,1,25,761,159,101,222,"",5,0,0,0,0,1
dbce08f2-51b6-48e7-8268-a3c5d57d19db,1oblm8kq,great_success,351,157,86,311,1,25,761,159,101,170,"",4,0,0,0,0,2
9089139b-d00f-4f60-8f69-8370c3716b5b,1oblm8kq,failure,351,157,86,311,1,25,761,159,26,122,"",3,0,0,0,2,0
a27aff80-306c-4018-acb2-c1057b70f0a6,1oblm8kq,great_success,351,157,86,311,36,25,694,346,26,122,"",2,2,0,0,0,0
f1a90633-fc4f-4793-8ffa-6b6aa533ba5e,1oblm8kq,great_success,240,157,86,311,36,25,694,346,26,122,"",1,2,0,0,0,0
368bf942-9099-4da5-86d2-14a2d519bb91,43bvvgrq,great_success,609,541,403,357,138,114,866,376,27,214,light,3,1,0,0,0,0
2e4022f7-dfa6-4a03-b9b2-d8a8c8d7d6ae,43bvvgrq,great_success,607,529,403,357,138,114,866,376,27,214,light,2,0,0,0,2,0
c795296b-00e0-4f96-bdf9-5978d3252113,43bvvgrq,great_success,607,529,403,357,138,114,880,198,27,214,light,1,2,0,0,0,0
04306838-ef23-478d-905e-9984948c32e4,fv9ptltv,great_success,590,317,557,490,532,327,452,413,301,460,"",7,0,0,0,1,0
a2bd0620-bab2-4543-b205-af67962a93b8,fv9ptltv,great_success,590,317,557,490,532,327,386,338,301,460,"",6,0,0,1,0,0
b6b58af3-215c-40dc-a511-62bcdb80f298,fv9ptltv,great_success,590,317,557,490,489,215,386,338,301,460,"",5,0,2,0,0,0
75641095-cb95-4ae4-bdab-d5ffc4eeaee3,fv9ptltv,great_success,590,317,437,330,489,215,386,338,301,460,"",4,0,0,0,0,1
45bb366a-d090-4cd2-afa0-9c69701b4606,fv9ptltv,great_success,590,317,437,330,489,215,386,338,301,400,"",3,0,0,0,0,2
ea3afd04-3749-40eb-99fa-6ec32a2ee285,fv9ptltv,great_success,590,317,437,330,489,215,386,338,136,316,"",2,1,0,0,0,0
5a3ce11b-24e7-42b2-9c11-793482716e97,fv9ptltv,great_success,539,317,437,330,489,215,386,338,136,316,"",1,2,0,0,0,0
0ce6ef55-1831-4427-b2af-769fc2cd05c4,7mmro1e2,great_success,8,2,5,337,6,27,749,508,26,35,"",1,0,0,0,2,0
5cce6834-12a5-4810-8dfe-645426b6f44d,uq73as3j,great_success,642,508,457,377,202,59,758,516,97,337,light,6,0,1,0,0,0
3435f8d8-7ec0-4e3a-8bde-aee755adcee8,uq73as3j,great_success,642,508,397,297,202,59,758,516,97,337,light,5,0,0,0,0,2
f5c243a3-d23b-4420-b7e3-34626ff4d56d,uq73as3j,amazing_success,642,508,397,297,202,59,758,516,97,261,light,4,0,0,0,0,2
ccfd3044-f85a-462e-9ad7-aa5b26199566,uq73as3j,great_success,642,508,397,297,202,59,758,516,24,231,light,3,1,0,0,0,0
f440b50b-c680-44f0-9c37-ded1f256ac61,uq73as3j,great_success,619,503,397,297,202,59,758,516,24,231,light,2,0,0,0,2,0
1477326a-7e78-496e-8063-80e5b059e88b,uq73as3j,great_success,619,503,397,297,202,59,689,344,24,231,light,1,2,0,0,0,0
75a63907-2d3f-4ca6-aefe-ae88338231fb,oaj6tucv,success,652,486,656,506,626,456,622,421,383,534,"",7,0,1,0,0,0
33460424-3731-4d5d-b7d3-6d4a356b60de,oaj6tucv,great_success,652,486,641,499,626,456,622,421,383,534,"",6,0,0,0,1,0
36bfc702-b2a1-4a4a-ad7f-6848c7fd8d77,oaj6tucv,great_success,652,486,641,499,626,456,571,333,383,534,"",5,0,1,0,0,0
61a2fbc4-b064-434a-a3b4-4ea8c9e0c61c,oaj6tucv,great_success,652,486,583,418,626,456,571,333,383,534,"",4,0,0,0,0,2
cd9befa6-0638-46e2-b2a2-99857685c664,oaj6tucv,great_success,652,486,583,418,626,456,571,333,204,430,"",3,0,1,0,0,0
57cacc0b-183b-4ccf-8ce9-82221b7206fe,oaj6tucv,great_success,652,486,529,332,626,456,571,333,204,430,"",2,0,0,2,0,0
de59c88a-efe7-4a34-8ea6-949e9cc13dc1,oaj6tucv,great_success,652,486,529,332,513,277,571,333,204,430,"",1,2,0,0,0,0
e396f181-fec4-4623-bbc7-9141b27a704a,o245tsek,success,592,537,577,414,481,422,715,287,101,393,light,8,0,0,0,1,0
005bcff2-dd4c-432a-bc57-cc5bb4d831ec,o245tsek,great_success,592,537,577,414,481,422,687,175,101,393,light,7,0,0,0,0,1
c4e9ddff-2a84-4b35-8a0b-24e8f9cdca42,o245tsek,great_success,592,537,577,414,481,422,687,175,101,362,light,6,0,0,1,0,0
5aa8c361-ec0d-46bc-b6d8-5bc7f21bb4e9,o245tsek,great_success,592,537,577,414,414,418,687,175,101,362,light,5,0,0,1,0,0
8d890360-318e-4cec-b2bf-19f68127b203,o245tsek,great_success,592,537,577,414,358,265,687,175,101,362,light,4,0,1,0,0,0
bef5d006-ed2d-494f-a347-08e0e42aabca,o245tsek,great_success,592,537,523,328,358,265,687,175,101,362,light,3,0,0,0,0,2
2368dc56-7d0c-4f01-a5aa-a9969c9550be,o245tsek,great_success,592,537,523,328,358,265,687,175,26,343,light,2,1,0,0,0,0
31457a41-3376-4833-bf12-1e9b55d781a2,o245tsek,great_success,567,521,523,328,358,265,687,175,26,343,light,1,2,0,0,0,0
ace4941c-b6e7-4370-a646-edc5639b798d,fj254r62,good_success,501,404,161,333,117,101,721,474,293,500,"",5,0,0,0,3,0
0928bd0c-204b-49d1-baa9-75f1b8eba788,fj254r62,great_success,501,404,161,333,117,101,628,338,293,500,"",4,0,0,0,0,1
b663a0a6-dc25-46c3-96c1-618594243327,fj254r62,great_success,501,404,161,333,117,101,628,338,293,475,"",3,0,0,0,0,1
713be735-31b7-4e25-8db3-58ea61d06b78,fj254r62,great_success,501,404,161,333,117,101,628,338,293,417,"",2,0,0,0,0,2
c945331b-7283-49f5-9c08-2c21fe5f2c7a,fj254r62,great_success,501,404,161,333,117,101,628,338,130,326,"",1,3,0,0,0,0
95a836bd-6c0b-4bb0-a77e-de8e7fbb1bd1,k2g1v64d,great_success,602,498,610,509,510,364,757,508,99,368,"",4,0,0,0,0,2
442f134d-f84b-4a16-bff0-1420ed355f13,k2g1v64d,great_success,602,498,610,509,510,364,757,508,25,350,"",3,0,0,0,2,0
3777b324-dc24-4ccc-be99-2770c9743f4d,k2g1v64d,great_success,602,498,610,509,510,364,687,334,25,350,"",2,0,3,0,0,0
8a2795a4-2b3f-4f82-87bd-3a2b1f805566,k2g1v64d,great_success,602,498,464,336,510,364,687,334,25,350,"",1,3,0,0,0,0
ec8b1c9c-72ff-4b6e-b3bc-e0a45e3add8d,95lmf4p9,great_success,485,247,506,468,417,315,835,323,354,353,"",7,0,0,1,0,0
927bc054-c191-4f0b-9874-f9d33fd097bc,95lmf4p9,great_success,485,247,506,468,361,242,835,323,354,353,"",6,1,0,0,0,0
f8656a39-0f4b-45f2-bc9e-49f09a240a58,95lmf4p9,amazing_success,435,247,506,468,361,242,835,323,354,353,"",5,0,0,0,0,2
3d95e56a-1748-4b8d-bf4b-4834eafe0711,95lmf4p9,great_success,435,247,506,468,361,242,835,323,198,188,"",4,0,0,1,0,0
1ad9281e-db99-4a97-ae3b-cd0200e431df,95lmf4p9,great_success,435,247,506,468,317,146,835,323,198,188,"",3,0,2,0,0,0
2e984028-c891-43cd-a527-2d4a3344350b,95lmf4p9,great_success,435,247,353,321,317,146,835,323,198,188,"",2,1,0,0,0,0
47e4d5d3-e744-4e4d-8c57-f49b4545ace9,95lmf4p9,great_success,380,247,353,321,317,146,835,323,198,188,"",1,2,0,0,0,0
64bcf29c-676d-4fdb-a087-d9d2dfa5a50d,1v48428m,great_success,654,594,575,294,499,442,542,518,99,344,light,4,0,0,0,3,0
2881c362-be02-47bf-9e6e-a2ad63e6fcf6,1v48428m,great_success,654,594,575,294,499,442,376,346,99,344,light,3,0,0,2,0,0
63000070-4295-4bcc-8040-4e3d1bc24825,1v48428m,great_success,654,594,575,294,380,281,376,346,99,344,light,2,0,0,0,0,2
48672416-f192-4ea3-a500-a670d7f9c968,1v48428m,great_success,654,594,575,294,380,281,376,346,25,324,light,1,3,0,0,0,0
50d99018-0f7f-49f2-bb1b-d8de339f2b45,g86rpi5e,great_success,558,272,558,551,448,348,684,165,24,129,"",4,0,0,2,0,0
5fa56063-9534-4f71-a39a-12a9ec82dd80,g86rpi5e,great_success,558,272,558,551,357,174,684,165,24,129,"",3,0,3,0,0,0
2a79aa32-d79b-434b-904e-3bf2cbb0598d,g86rpi5e,great_success,558,272,395,38,357,174,684,165,24,129,"",2,2,0,0,0,0
9236513d-9f8e-49c2-85b0-988f432f9366,g86rpi5e,great_success,489,272,395,38,357,174,684,165,24,129,"",1,3,0,0,0,0
5bff997f-3d9c-4583-8276-faa7c416840a,geibn24d,great_success,517,408,352,171,176,173,714,510,127,325,"",5,0,0,0,3,0
6161d9c0-df86-45ca-99f7-969d8d0f14ef,geibn24d,great_success,517,408,352,171,176,173,617,337,127,325,"",4,0,0,1,0,0
ce53e0b5-9ebd-4ad1-8801-c5a7f81269c5,geibn24d,failure,517,408,352,171,109,100,617,337,127,325,"",3,0,2,0,0,0
54362b85-9761-4cd4-8112-00f569101a34,geibn24d,great_success,517,408,177,337,109,100,617,337,127,325,"",2,1,0,0,0,0
d44c2810-c17a-427e-bbe1-08b5ab4d26f3,geibn24d,great_success,512,408,177,337,109,100,617,337,127,325,"",1,3,0,0,0,0
63671a10-0a60-4f04-85f1-25990f9bf763,gr5auh7c,amazing_success,487,432,394,467,255,225,1084,184,25,244,"",6,0,0,1,0,0
50d03459-8776-47d1-9793-09ccc3b10cd3,gr5auh7c,great_success,487,432,394,467,191,129,1084,184,25,244,"",5,0,1,0,0,0
39b50bc2-e182-48b9-8df5-be25af3b1fd7,gr5auh7c,amazing_success,487,432,394,398,191,129,1084,184,25,244,"",4,0,2,0,0,0
1194290b-5acc-4972-ad25-e16e414c9c91,gr5auh7c,failure,487,432,394,175,191,129,1084,184,25,244,"",3,0,3,0,0,0
c887e84e-0790-4220-86bf-fd9c5a48574f,gr5auh7c,great_success,557,422,214,338,191,129,1084,184,25,244,"",2,1,0,0,0,0
2a420d7a-edc3-4fca-8f36-d0f64484a12b,gr5auh7c,great_success,519,422,214,338,191,129,1084,184,25,244,"",1,2,0,0,0,0
f440cae2-9cc3-47ee-9560-9c49b039fdc4,oo66780c,great_success,374,129,174,341,103,91,764,511,50,137,"",5,0,0,0,2,0
e27fb3e4-1c33-4da2-b92e-34f39231b251,oo66780c,great_success,374,129,174,341,103,91,698,338,50,137,"",4,1,0,0,0,0
3f68ddd4-faa6-4216-9990-d9eaa6031540,oo66780c,great_success,328,129,174,341,103,91,698,338,50,137,"",3,1,0,0,0,0
524c4778-36d4-4935-8977-fb78a507d77a,oo66780c,great_success,285,129,174,341,103,91,698,338,50,137,"",2,2,0,0,0,0
bcb6e75e-cce1-4e8c-a84e-f33aec5d0f3f,oo66780c,failure,159,129,174,341,103,91,698,338,50,137,"",1,2,0,0,0,0
1aabf73e-2137-45b3-b7da-c7abdb33c942,ggi3od08,great_success,403,93,205,337,109,70,788,516,76,98,"",6,1,0,0,0,0
7b0b7f62-7d71-45ed-ad4e-b50df687e42e,ggi3od08,great_success,385,93,205,337,109,70,788,516,76,98,"",5,1,0,0,0,0
6529de76-014c-4040-8047-8dea59d11de9,ggi3od08,great_success,356,93,205,337,109,70,788,516,76,98,"",4,1,0,0,0,0
e95b55c3-8eee-4d69-9934-d94f68c49f52,ggi3od08,great_success,325,93,205,337,109,70,788,516,76,98,"",3,2,0,0,0,0
4d7a1d58-ad05-44d4-a368-2ced112e06d7,ggi3od08,great_success,249,93,205,337,109,70,788,516,76,98,"",2,2,0,0,0,0
654c9046-2308-4562-b5e6-13a22cafdbde,ggi3od08,great_success,223,23,205,337,109,70,788,516,76,98,"",1,0,0,0,2,0
1f80568b-accd-46b8-96bf-d05b5b3910fa,gp6n9s3p,great_success,627,541,571,415,399,334,717,508,291,530,light,7,0,0,0,2,0
87bbf2c0-47c4-40cc-9bf2-e04afe6c0602,gp6n9s3p,great_success,627,541,571,415,399,334,622,335,291,530,light,6,0,0,0,0,1
a06e3aae-5318-4859-b3ef-59299c079d0b,gp6n9s3p,great_success,627,541,571,415,399,334,622,335,291,477,light,5,0,0,1,0,0
4df8db9f-8a1a-4c97-8197-b90dbb3f2601,gp6n9s3p,great_success,627,541,571,415,339,254,622,335,291,477,light,4,0,0,1,0,0
883591cb-d61c-4e30-abca-6ef5ba10c074,gp6n9s3p,great_success,627,541,571,415,289,165,622,335,291,477,light,3,0,1,0,0,0
1275d510-1c3b-46e5-a94f-e7f71eec683d,gp6n9s3p,great_success,627,541,508,330,289,165,622,335,291,477,light,2,0,0,0,0,2
e866e94f-d98b-4002-ad46-2cfe7983a07b,gp6n9s3p,great_success,627,541,508,330,289,165,622,335,128,411,light,1,2,0,0,0,0
7c89c46f-e083-4d6e-8ea3-371b97d5577c,bmd9k586,great_success,661,564,586,494,557,365,749,506,263,497,light,5,0,0,0,0,1
2ac194dd-4236-46d0-ba3e-e5f5d0d4d65c,bmd9k586,great_success,661,564,586,494,557,365,749,506,263,445,light,4,0,0,0,0,2
e301ae4f-67bc-46e5-bd3c-9c5a540558f7,bmd9k586,great_success,661,564,586,494,557,365,749,506,109,383,light,3,0,0,0,2,0
8334d293-935f-415e-b7cb-b3b97ce3ce6b,bmd9k586,great_success,661,564,586,494,557,365,673,333,109,383,light,2,0,2,0,0,0
f79a63f4-6ca0-465a-a663-f8e55ecec4af,bmd9k586,great_success,661,564,471,329,557,365,673,333,109,383,light,1,3,0,0,0,0
95f4a25a-35ea-4cc2-b172-95b7ea3b2c55,h9637vv4,great_success,414,219,507,505,271,124,600,331,168,275,"",2,0,1,0,0,0
f2d2f244-8c1f-4a5b-9614-989a4abccc17,h9637vv4,great_success,414,219,494,471,271,124,600,331,168,275,"",1,0,2,0,0,0
57007ed9-b991-4127-9553-e9980ecac796,tnsf3p90,failure,564,561,562,506,427,359,1149,334,392,551,light,7,0,0,0,0,1
8de9f09b-4807-4904-a954-8265ece25bb6,tnsf3p90,great_success,564,561,562,506,497,359,1149,334,463,482,light,6,0,1,0,0,0
51377e9b-0a68-44be-9b04-d6e68a7fc760,tnsf3p90,great_success,564,561,527,485,497,359,1149,334,463,482,light,5,0,0,0,0,1
595e49db-1cdb-4ce9-81ab-a42a6daba4c1,tnsf3p90,great_success,564,561,527,485,497,359,1149,334,391,414,light,4,0,0,2,0,0
88beaec1-84df-4a74-8bca-613d44a74fa4,tnsf3p90,great_success,564,561,527,485,411,183,1149,334,391,414,light,3,0,2,0,0,0
0915ccd4-5339-4b0e-be57-170d033099f4,tnsf3p90,great_success,564,561,400,332,411,183,1149,334,391,414,light,2,1,0,0,0,0
1a69e365-7b4c-4ea8-a4c3-737017f8aa35,tnsf3p90,great_success,542,540,400,332,411,183,1149,334,391,414,light,1,2,0,0,0,0
6c838e69-7abf-485d-b86c-5a4ad1fb1db4,dni0f7d3,amazing_success,609,504,477,447,534,308,689,339,102,425,light,9,0,0,0,0,1
ee50f0b2-d3ea-4d5e-8a9e-1f002b462ccf,dni0f7d3,great_success,609,504,477,447,534,308,689,339,102,392,light,8,0,0,0,0,1
5f9e4be7-1e32-4a6f-86c6-754944c1b246,dni0f7d3,amazing_success,609,504,477,447,534,308,689,339,102,362,light,7,0,0,0,0,1
015f6f25-c339-48b7-8763-c52bfc788773,dni0f7d3,great_success,609,504,477,447,534,308,689,339,102,323,light,6,0,0,0,0,2
a8908dd9-7558-4d51-82c3-b95baf80787e,dni0f7d3,great_success,609,504,477,447,534,308,689,339,26,301,light,5,0,0,1,0,0
a9ed0a67-25ed-45b3-a385-d0ec014697d0,dni0f7d3,great_success,609,504,477,447,485,211,689,339,26,301,light,4,0,1,0,0,0
ed6eccb9-5d43-4b15-8ab9-b6924d86a890,dni0f7d3,amazing_success,609,504,412,362,485,211,689,339,26,301,light,3,0,1,0,0,0
ebd745c8-a538-4d42-af6c-70f31d884261,dni0f7d3,great_success,609,504,340,272,485,211,689,339,26,301,light,2,1,0,0,0,0
e505db1f-84d2-4573-a80c-424e5c9b7698,dni0f7d3,great_success,538,426,340,272,485,211,689,339,26,301,"",1,1,0,0,0,0
